id1,id2
611-48-1839,185831645
392-52-7176,185831552
212-34-2732,185833133
399-27-1032,185829698
859-40-9947,185829143
383-09-0127,185833127
596-61-3861,185830907
885-46-4577,185830649
258-98-0727,185829680
611-48-1839,185829494
765-24-1639,185831264
431-33-8884,185832710
625-92-4356,185831594
438-49-1893,185830067
804-54-6976,185828594
662-28-8348,185829629
586-76-9388,185829860
627-79-5997,185832374
689-65-9692,185831288
797-43-7696,185830712
434-76-7869,185828831
651-47-1970,185832770
709-43-8302,185829185
298-36-6290,185829890
218-31-0921,185831651
695-46-9632,185832224
900-49-2935,185828390
895-45-1258,185833031
878-32-2595,185832569
504-30-7137,185831135
765-24-1639,185830337
780-64-7865,185830589
673-48-8212,185828324
222-79-5145,185830406
438-07-5350,185832371
627-15-0737,185832611
298-33-3046,185829734
595-90-8809,185831036
563-60-8705,185830790
430-16-3985,185830157
673-28-6979,185828684
328-87-5383,185828795
256-31-7892,185828966
814-78-4935,185828081
362-49-5861,185831531
307-09-8719,185829497
538-52-3401,185828141
673-48-8212,185831396
838-11-7607,185832422
687-34-2480,185829146
801-38-9691,185831402
690-09-2036,185830154
680-41-2384,185828945
560-44-9582,185833253
622-53-3302,185832863
305-25-0352,185832254
662-28-8348,185829101
560-44-9582,185828648
274-72-8781,185831762
513-35-3310,185832197
367-66-5520,185828312
555-44-2746,185830433
531-09-1058,185829572
302-08-4754,185828234
534-57-0755,185828933
915-75-5600,185832179
330-07-1068,185828915
915-75-5600,185833268
400-52-2389,185829233
438-49-1893,185829974
253-58-9660,185832578
508-10-3584,185828099
520-24-8922,185832533
795-37-7998,185829836
843-95-9006,185831273
305-25-0352,185831477
349-36-6161,185829182
821-24-9412,185828546
620-85-3606,185831210
206-59-6235,185828618
863-96-9468,185831825
666-57-8563,185829920
609-34-3409,185831864
346-96-9018,185831756
632-68-0917,185828237
490-89-5771,185830070
256-31-7892,185829185
820-74-9970,185828309
641-55-5639,185829626
600-92-0796,185831318
600-92-0796,185829332
318-12-3766,185830166
508-75-5974,185831837
884-33-9676,185829353
298-33-3046,185832065
596-61-3861,185831447
786-70-5968,185829614
531-09-1058,185830352
204-79-2659,185830628
660-62-5107,185830229
903-87-6930,185830343
369-63-7305,185829032
214-77-6416,185830130
801-38-9691,185831726
289-76-4820,185830778
576-60-7800,185828342
611-48-1839,185828795
806-49-7942,185832725
660-53-6807,185831687
784-14-7719,185829911
369-63-7305,185832017
386-78-8432,185833019
874-32-9427,185831459
606-54-1149,185832755
641-52-2437,185833232
709-64-4352,185828732
513-35-3310,185832599
341-10-3619,185829326
272-55-4293,185831081
622-53-3302,185830859
450-68-4090,185828108
291-79-2723,185831723
287-46-9776,185832716
915-74-6216,185828945
271-78-8919,185829653
890-81-1579,185833058
638-96-9343,185830973
529-97-6193,185829356
358-70-5810,185832275
819-35-6503,185833007
534-57-0755,185832449
450-68-4090,185832314
237-02-1263,185830121
606-92-8035,185828720
861-75-4699,185830067
689-65-9692,185830022
821-24-9412,185830031
710-72-8214,185831600
556-15-9637,185828789
392-52-7176,185832833
658-56-4620,185831102
525-30-4448,185831717
803-26-5349,185831156
585-92-9741,185830727
502-01-4060,185828762
386-26-5935,185828357
272-24-9625,185828468
305-25-0352,185828198
804-54-6976,185830445
318-22-2828,185830949
874-32-9427,185831675
378-88-6858,185831963
863-96-9468,185831198
899-42-6637,185832158
848-25-8473,185832929
503-57-3996,185831348
699-67-1766,185831693
307-09-8719,185832167
858-54-4075,185829416
318-12-3766,185828399
430-16-3985,185831207
690-09-2036,185831003
520-24-8922,185829581
209-45-4933,185833136
641-55-5639,185832863
502-01-4060,185829881
585-01-6112,185831231
694-81-0546,185828822
117-66-8129,185831591
855-81-1387,185829551
661-39-2243,185828441
555-44-2746,185831402
222-79-5145,185831132
274-72-8781,185829881
556-15-9637,185831009
861-16-2336,185833049
556-65-1110,185832209
214-77-6416,185828954
852-88-1263,185830688
591-90-2791,185830649
861-75-4699,185831696
552-99-8341,185833127
893-12-3541,185828702
458-11-9205,185832317
349-36-6161,185830040
596-61-3861,185829851
348-63-8190,185829311
662-28-8348,185828315
358-44-8218,185831636
504-30-7137,185831057
598-89-4448,185828345
878-32-2595,185832509
586-76-9388,185832542
244-58-2483,185830430
816-84-2237,185830547
284-01-5241,185831006
358-19-2542,185829590
507-22-5331,185830202
591-90-2791,185829770
609-34-3409,185830250
328-87-5383,185828606
362-49-5861,185833049
659-67-2728,185832356
806-49-7942,185833214
552-54-9978,185832608
434-76-7869,185829962
641-55-5639,185830172
861-75-4699,185828837
493-92-1993,185830772
556-65-1110,185829782
362-49-5861,185831006
534-57-0755,185830613
301-93-2650,185830685
304-37-2483,185833187
502-24-6207,185829983
271-53-9609,185830802
450-68-4090,185832155
641-52-2437,185830934
529-47-8404,185828786
699-06-8530,185829338
330-07-1068,185830637
331-13-6835,185829890
661-39-2243,185830412
707-08-4356,185831324
253-58-9660,185829905
483-40-6408,185829869
673-28-6979,185830157
874-32-9427,185830439
760-95-8112,185828522
537-27-1654,185831060
687-34-2480,185828726
555-44-2746,185828357
766-98-1818,185829356
431-33-8884,185831666
691-51-9612,185833094
777-00-7153,185828900
707-08-4356,185828054
686-68-0909,185828222
896-25-8370,185831444
552-99-8341,185830475
893-63-6176,185828354
707-08-4356,185832419
666-57-8563,185831732
664-34-9245,185828918
213-32-1448,185828435
272-55-4293,185829335
330-07-1068,185831609
709-64-4352,185829215
506-14-4016,185831897
760-95-8112,185829872
822-58-3710,185828219
508-10-3584,185832260
456-41-9569,185829908
358-19-2542,185831534
362-49-5861,185829251
508-75-5974,185830127
502-01-4060,185832620
505-69-9935,185831480
272-24-9625,185830925
673-07-4750,185832533
855-81-1387,185831066
744-46-9190,185830250
520-74-1446,185829533
209-68-2617,185831093
596-61-3861,185828300
659-67-2728,185830688
661-39-2243,185833169
659-27-7887,185829959
383-09-0127,185832134
349-36-6161,185828885
117-66-8129,185829830
606-54-1149,185831609
364-47-2445,185829545
318-22-2828,185831528
271-53-9609,185830910
367-66-5520,185831360
298-33-3046,185833019
852-88-1263,185829356
271-78-8919,185832497
863-96-9468,185828885
552-42-2675,185829992
991-70-5333,185832053
778-24-6852,185829890
646-37-8429,185831672
660-53-6807,185828969
329-25-8167,185829329
899-42-6637,185828765
260-95-0836,185833115
692-38-3827,185830796
444-91-2379,185830142
581-26-5472,185830187
609-34-3409,185829128
531-09-1058,185828651
660-53-6807,185828405
581-26-5472,185829851
848-25-8473,185830535
760-58-1758,185830931
774-09-5550,185829932
756-76-4958,185828513
759-01-0406,185831264
364-47-2445,185829065
206-59-6235,185832401
801-08-0289,185829005
507-22-5331,185832581
204-79-2659,185830853
493-92-1993,185828249
446-36-0249,185832977
622-53-3302,185830775
744-46-9190,185829107
689-85-2810,185832632
306-99-5229,185829740
838-11-7607,185829518
272-24-9625,185833160
370-83-8697,185832632
586-76-9388,185832926
483-40-6408,185833010
622-53-3302,185832998
896-25-8370,185830823
446-63-4367,185830943
560-44-9582,185831603
506-14-4016,185833241
507-22-5331,185829104
378-88-6858,185831138
436-67-3063,185830574
548-59-5017,185829131
234-37-9132,185831393
806-49-7942,185830724
555-44-2746,185828603
692-38-3827,185832788
591-90-2791,185829287
430-16-3985,185832593
308-53-8009,185830349
915-75-5600,185828594
696-28-4220,185833091
613-15-7837,185831909
659-27-7887,185830427
302-08-4754,185831363
331-13-6835,185832674
307-09-8719,185832383
627-79-5997,185830898
308-26-6839,185831108
641-52-2437,185829617
318-12-3766,185833196
913-69-6997,185831963
893-63-6176,185829728
863-96-9468,185829623
855-81-1387,185829956
797-43-7696,185833256
458-11-9205,185828807
797-43-7696,185829854
692-38-3827,268485830
778-24-6852,268494503
917-80-4656,268493565
609-34-3409,268495567
858-54-4075,268488938
314-45-9119,268482631
306-99-5229,268485494
842-04-5706,268489246
896-25-8370,268506557
613-15-7837,268498927
991-70-5333,268489918
534-70-7883,268481833
436-38-3179,268502028
234-37-9132,268490996
308-26-6839,268500894
773-71-9737,268493894
531-09-1058,268504149
633-71-2217,268482043
289-76-4820,268498416
534-62-8298,268501265
765-24-1639,268508832
770-22-6561,268508468
632-58-9372,268502504
358-19-2542,268492144
270-75-5897,268500684
520-50-0673,268496337
819-35-6503,268496001
679-66-9286,268483653
563-60-8705,268492487
576-60-7800,268482176
318-12-3766,268508139
392-52-7176,268503442
795-37-7998,268489596
759-01-0406,268492704
502-01-4060,268509707
556-15-9637,268481427
896-25-8370,268503267
893-12-3541,268491066
307-09-8719,268493327
378-88-6858,268502168
497-20-7808,268490002
673-48-8212,268497338
801-08-0289,268500859
276-40-8351,268502427
680-93-7668,268505409
627-79-5997,268501321
505-69-9935,268489512
253-58-9660,268501594
910-33-1979,268486845
761-47-7037,268497849
291-79-2723,268498976
686-68-0909,268494314
680-93-7668,268502637
800-78-8581,268481665
323-32-8478,268492753
270-75-5897,268489743
534-70-7883,268504737
276-40-8351,268507733
399-27-1032,268484675
664-34-9245,268485816
598-89-4448,268502903
328-87-5383,268492963
858-93-2794,268505542
689-85-2810,268508496
660-62-5107,268503722
903-87-6930,268481847
206-59-6235,268485949
852-52-0933,268483730
552-99-8341,268498850
253-58-9660,268495175
386-78-8432,268508174
568-22-7686,268510211
323-71-3763,268491661
910-33-1979,268510176
710-72-8214,268491220
871-98-0966,268507061
537-30-3032,268508538
349-36-6161,268498941
378-88-6858,268508685
852-88-1263,268491528
538-52-3401,268505171
689-65-9692,268505437
797-43-7696,268484479
861-75-4699,268482953
686-68-0909,268488245
775-75-2532,268500397
302-08-4754,268482750
502-01-4060,268482246
821-35-7665,268507509
378-88-6858,268495441
763-27-9872,268505031
206-59-6235,268499550
556-65-1110,268505668
483-40-6408,268481721
861-75-4699,268486712
399-27-1032,268498570
508-75-5974,268500075
534-57-0755,268483380
367-54-3328,268508202
819-35-6503,268503162
800-46-2184,268495770
362-49-5861,268501580
626-48-1142,268491969
456-41-9569,268481637
666-57-8563,268484689
625-92-4356,268500943
510-39-9110,268488931
659-67-2728,268510050
861-75-4699,268502007
626-48-1142,268498143
554-93-4466,268506606
507-22-5331,268496127
401-01-1355,268510204
517-87-6459,268503708
431-33-8884,268486138
873-29-2620,268501111
585-92-9741,268485494
456-46-1699,268496134
505-69-9935,268501531
695-36-0203,268501188
991-70-5333,268505185
442-54-3651,268498024
298-33-3046,268480853
756-76-4958,268492606
638-96-9343,268504058
318-22-2828,268485858
761-47-7037,268500138
598-89-4448,268498570
307-09-8719,268509826
436-61-3192,268508573
896-25-8370,268491528
274-27-6513,268490457
289-76-4820,268510274
673-28-6979,268506347
831-20-7307,268506970
659-67-2728,268504723
825-47-6075,268483604
673-48-8212,268496099
893-63-6176,268485690
896-25-8370,268489848
918-23-4923,268499270
481-52-1716,268484353
816-84-2237,268503946
577-08-1339,268498101
821-53-7430,268505003
386-26-5935,268491955
358-44-8218,268497961
358-19-2542,268497093
696-28-4220,268507495
431-33-8884,268492564
586-76-9388,268506375
600-92-0796,268495560
692-38-3827,268487503
346-96-9018,268485102
348-63-8190,268507362
692-38-3827,268481959
895-45-1258,268495133
456-41-9569,268493936
117-66-8129,268485088
831-20-7307,268506445
903-87-6930,268494699
335-29-6415,268500992
893-12-3541,268487860
843-95-9006,268482029
806-49-7942,268490408
209-45-4933,268496589
707-08-4356,268501664
260-71-8148,268492690
766-98-1818,268500481
213-32-1448,268492235
534-57-0755,268481441
444-91-2379,268506277
335-29-6415,268499389
245-63-7539,268480839
520-50-0673,268482463
786-70-5968,268500089
213-32-1448,268510043
274-27-6513,268508531
687-34-2480,268502427
576-82-7408,268495392
903-87-6930,268484059
307-09-8719,268509483
867-78-8919,268502959
520-74-1446,268492354
520-24-8922,268501937
595-90-8809,268503169
817-89-6264,268495511
493-92-1993,268495497
535-67-6237,268498500
529-47-8404,268498311
873-29-2620,268504996
220-58-0896,268484283
529-97-6193,268491178
537-30-3032,268488245
256-31-7892,268482302
335-29-6415,268486040
627-15-0737,268480979
673-48-8212,268485809
800-46-2184,268492963
591-90-2791,268486901
237-02-1263,268491073
206-59-6235,268507642
513-35-3310,268481427
861-75-4699,268491402
792-88-0162,268507236
660-53-6807,268483527
331-13-6835,268487230
392-52-7176,268481833
596-61-3861,268507467
537-30-3032,268501363
362-49-5861,268505192
490-89-5771,268482463
615-88-9385,268489498
484-37-1068,268494090
517-87-6459,268494923
827-46-6267,268501279
260-71-8148,268506333
765-24-1639,268498913
694-81-0546,268492165
430-16-3985,268488217
918-23-4923,268498164
694-81-0546,268484591
577-47-4459,268498073
369-63-7305,268482267
517-87-6459,268488469
674-92-1788,268482323
288-59-8593,268488714
274-72-8781,268486425
348-63-8190,268510148
633-71-2217,268481518
659-67-2728,268487552
341-10-3619,268488063
510-39-9110,268503022
430-16-3985,268484332
709-43-8302,268492256
801-08-0289,268498164
814-78-4935,268495630
591-90-2791,268504996
391-46-9135,268486236
591-90-2791,268507229
766-98-1818,268504744
679-66-9286,268483653
520-50-0673,268508454
858-93-2794,268485753
858-93-2794,268497121
681-29-5922,268501181
302-08-4754,268489064
364-47-2445,268501671
903-87-6930,268496351
525-30-4448,268505899
821-35-7665,268492613
335-29-6415,268502224
284-01-5241,268505409
222-79-5145,268500495
831-20-7307,268510246
305-25-0352,268502917
456-46-1699,268501391
304-37-2483,268509945
258-98-0727,268508762
872-88-7149,268508979
271-53-9609,268500565
861-75-4699,268495735
647-19-8518,268495728
287-46-9776,268506172
773-71-9737,268487216
280-97-6061,268491577
659-27-7887,268496918
630-78-2095,268506760
298-36-6290,268504667
212-34-2732,268504296
804-54-6976,268484703
633-71-2217,268509595
431-33-8884,268492347
873-29-2620,268508034
917-80-4656,268509567
436-38-3179,268487671
367-54-3328,268490149
915-75-5600,268497261
640-26-0925,268504849
256-31-7892,268497261
859-55-6280,268504240
438-49-1893,268495889
867-78-8919,268503288
237-02-1263,268504618
611-48-1839,268504296
799-52-5205,268492256
820-53-4909,268484626
520-74-1446,268508699
784-14-7719,268490121
878-32-2595,268485088
673-28-6979,268500999
568-22-7686,268485613
780-64-7865,268496211
686-68-0909,268498262
267-89-6011,268482540
484-37-1068,268500208
560-44-9582,268486103
531-09-1058,268501825
683-87-3766,268481525
263-14-7231,268505682
858-93-2794,268501419
884-33-9676,268481231
680-93-7668,268486411
800-46-2184,268507019
493-92-1993,268488994
270-75-5897,268482029
660-62-5107,268488819
660-62-5107,268492186
692-38-3827,268495455
649-53-9893,268498339
673-48-8212,268498388
308-26-6839,268507586
386-78-8432,268509280
576-99-9244,268505066
660-53-6807,268498010
563-60-8705,268492872
378-88-6858,268508699
641-52-2437,268482855
824-65-1090,268488000
338-31-6051,268487118
330-07-1068,268502413
633-71-2217,268488574
784-14-7719,268486726
598-89-4448,268482211
475-65-9761,268495077
883-98-9193,268496085
383-09-0127,268486936
691-51-9612,268487531
606-92-8035,268492774
680-93-7668,268504485
218-31-0921,268494048
314-45-9119,268490786
490-89-5771,268507530
859-55-6280,268505906
520-74-1446,268481189
438-49-1893,268483212
452-95-4283,268510001
349-36-6161,268488490
272-24-9625,268494657
777-00-7153,268498955
506-14-4016,268508573
591-90-2791,268489344
554-93-4466,268482043
852-88-1263,268482946
274-72-8781,268485543
915-75-5600,268502098
856-03-3848,268489785
520-24-8922,268501622
795-37-7998,268489134
821-35-7665,268505192
349-76-9672,268483065
681-29-5922,268501482
778-24-6852,268508734
358-44-8218,268489645
706-24-9599,268490149
649-53-9893,268489890
659-27-7887,268484850
867-78-8919,268492998
680-41-2384,268494587
430-16-3985,268508006
308-53-8009,268489610
627-15-0737,268499060
303-86-0371,268483065
838-45-9343,268506641
795-37-7998,268509686
243-46-3035,268495574
274-72-8781,268503736
367-66-5520,268481182
209-45-4933,268486446
821-53-7430,268486439
690-37-4924,268501657
484-37-1068,268493873
632-58-9372,268503708
204-79-2659,268503568
696-28-4220,268509329
662-28-8348,268508349
842-04-5706,268487342
493-92-1993,268483191
679-66-9286,268499102
219-06-7487,268491234
503-57-3996,268495756
694-81-0546,268482869
696-28-4220,268485214
444-91-2379,268495455
289-76-4820,268484255
872-88-7149,268495714
903-87-6930,268497289
383-09-0127,268491325
806-49-7942,268497387
383-09-0127,268489988
458-11-9205,268495672
569-73-6017,268506284
552-42-2675,268490926
792-88-0162,268510218
576-99-9244,268497485
821-35-7665,268483576
801-38-9691,268504548
266-39-6752,268488987
784-14-7719,268486593
391-46-9135,268500712
529-97-6193,268497268
795-37-7998,268506977
615-88-9385,268489673
552-42-2675,268490961
475-65-9761,268490233
237-02-1263,268488336
263-14-7231,268508097
552-42-2675,268501370
220-58-0896,268498549
314-45-9119,268484724
552-42-2675,268494916
873-29-2620,268493824
775-75-2532,268482673
801-38-9691,268485508
386-26-5935,268493698
991-70-5333,268498731
367-54-3328,268509476
358-19-2542,268500712
687-34-2480,268499137
615-88-9385,268494146
305-25-0352,268495140
653-64-4372,268494972
759-01-0406,268508804
436-38-3179,268504989
219-06-7487,268505381
307-09-8719,268497975
893-12-3541,268492984
763-27-9872,268495980
506-14-4016,268501468
220-58-0896,268485151
284-01-5241,268484920
490-89-5771,268482722
666-57-8563,268499571
243-46-3035,268494538
852-88-1263,268485837
369-63-7305,268490030
218-31-0921,268509343
770-22-6561,268486663
694-00-4113,268503764
529-97-6193,268506991
213-32-1448,268489505
910-33-1979,268509028
308-26-6839,268488931
872-88-7149,268491150
274-72-8781,268507873
883-98-9193,268482904
699-06-8530,268504681
659-67-2728,268500432
709-64-4352,268509406
707-08-4356,268487251
609-34-3409,268495133
280-97-6061,268502343
520-50-0673,268501363
219-06-7487,268498339
817-89-6264,268502511
878-32-2595,268498766
534-62-8298,268499032
537-27-1654,268503435
647-19-8518,268486873
219-06-7487,268503820
856-03-3848,268508650
689-85-2810,268491178
430-16-3985,268499907
378-88-6858,268480818
307-09-8719,268483198
391-46-9135,268494566
431-33-8884,268484171
271-78-8919,268510239
305-25-0352,268494503
799-52-5205,268491864
438-07-5350,268484185
475-65-9761,268498339
520-50-0673,268506032
442-54-3651,268508027
552-42-2675,268486061
219-06-7487,268482750
903-87-6930,268483100
272-24-9625,268505514
825-47-6075,268495868
853-69-5350,268481497
893-12-3541,268494587
613-15-7837,268485893
695-46-9632,268489512
399-27-1032,268508804
289-76-4820,268497821
596-71-0231,268487356
270-75-5897,268490632
883-98-9193,268504282
859-33-6845,268493404
653-64-4372,268485214
770-22-6561,268506585
204-79-2659,268482085
291-79-2723,268501174
615-88-9385,268481483
446-36-0249,268493838
400-15-2581,268500173
215-46-0151,268481483
806-49-7942,268508153
272-55-4293,268490198
497-20-7808,268483100
289-76-4820,268496869
520-50-0673,268482365
484-38-1830,268488280
600-92-0796,268485991
255-89-9885,268504639
766-98-1818,268488182
307-09-8719,268503190
885-46-4577,268497464
641-52-2437,268494202
331-13-6835,268506382
641-52-2437,268490331
756-76-4958,268509196
649-53-9893,268492305
400-15-2581,268492613
563-60-8705,268493320
534-62-8298,268488042
577-08-1339,268508776
386-78-8432,268491269
673-28-6979,268484465
651-47-1970,268482925
430-16-3985,268492872
659-67-2728,268486068
913-31-1925,268490646
838-45-9343,268496162
598-89-4448,268499417
662-28-8348,268497940
323-71-3763,268485326
456-41-9569,268505528
786-70-5968,268486922
358-19-2542,268490065
543-43-9738,268481931
545-33-7212,268498136
801-08-0289,268498997
430-16-3985,268494622
436-38-3179,268487097
795-37-7998,268492956
606-92-8035,268489169
362-49-5861,268481476
893-63-6176,268483128
222-79-5145,268508545
651-47-1970,268486572
430-16-3985,268509945
213-32-1448,268488413
504-30-7137,268485998
838-11-7607,268503603
452-95-4283,268486404
806-49-7942,268482393
852-88-1263,268491969
484-37-1068,268498157
305-25-0352,268499284
598-89-4448,268499158
330-07-1068,268498878
442-54-3651,268499011
348-63-8190,268496897
878-32-2595,268506172
660-53-6807,268492662
314-45-9119,268496708
303-86-0371,268497464
777-00-7153,268486950
690-09-2036,268497940
825-47-6075,268480902
563-60-8705,268506984
690-09-2036,268510078
349-76-9672,268505206
888-09-8856,268505465
318-12-3766,268498647
369-63-7305,268485025
314-45-9119,268481161
766-98-1818,268483919
585-92-9741,268495574
220-58-0896,268492389
777-00-7153,268490268
386-26-5935,268506319
308-26-6839,268482876
585-01-6112,268496701
577-47-4459,268492305
775-75-2532,268489036
298-36-6290,268505647
915-75-5600,268499249
852-52-0933,268487832
612-83-6356,268497156
444-08-9581,268509602
873-29-2620,268488049
219-06-7487,268509728
267-89-6011,268491367
481-52-1716,268489085
915-75-5600,268492333
520-24-8922,268501321
760-95-8112,268492942
335-36-7489,268492207
822-58-3710,268504282
576-82-7408,268492277
274-72-8781,268496841
831-20-7307,268483625
529-97-6193,268488014
280-97-6061,268508965
846-65-7776,268492697
463-00-8389,268499802
276-40-8351,268487335
383-09-0127,268498731
760-95-8112,268497401
915-75-5600,268508699
884-33-9676,268504464
287-46-9776,268509847
890-81-1579,268495882
504-30-7137,268502749
438-07-5350,268484703
305-25-0352,268498031
383-09-0127,268490905
517-87-6459,268484542
800-78-8581,268498150
837-88-3558,268495973
234-37-9132,268494034
615-88-9385,268498997
577-08-1339,268486607
896-25-8370,268498094
760-95-8112,268490849
560-44-9582,268496750
442-54-3651,268510036
855-81-1387,268487216
446-63-4367,268489330
855-81-1387,268494650
821-35-7665,268486271
463-00-8389,268508559
858-93-2794,268508230
591-90-2791,268504863
475-65-9761,268481784
827-46-6267,268507138
362-49-5861,268487678
531-09-1058,268482736
641-55-5639,268489141
219-06-7487,268493292
612-83-6356,268505409
505-69-9935,268486796
237-02-1263,268483898
596-71-0231,268505899
556-15-9637,268483037
237-02-1263,268482449
797-43-7696,268483457
694-81-0546,268491927
323-71-3763,268506466
797-43-7696,268490310
271-53-9609,268493187
543-43-9738,268505150
638-96-9343,268483170
401-01-1355,268483709
504-30-7137,268501979
517-87-6459,268495287
896-25-8370,268490415
846-65-7776,268498878
896-25-8370,268487272
484-37-1068,268504254
673-07-4750,268485522
338-31-6051,268506319
691-51-9612,268496540
778-24-6852,268481427
362-49-5861,268493474
814-78-4935,268505955
438-07-5350,268492949
710-72-8214,268509770
806-49-7942,268483023
258-98-0727,268510085
338-31-6051,268488371
289-76-4820,268504926
260-71-8148,268483898
766-98-1818,268499270
910-33-1979,268483100
680-41-2384,268499494
858-54-4075,268505647
378-88-6858,268510239
505-69-9935,268507320
888-09-8856,268505850
447-68-8669,268503757
552-99-8341,268485725
710-72-8214,268485592
689-85-2810,268501300
438-49-1893,268481854
673-07-4750,268485606
606-92-8035,268483205
690-37-4924,268486614
481-52-1716,268493852
267-89-6011,268501209
859-40-9947,268481252
658-56-4620,268488308
444-91-2379,268503715
585-92-9741,268508832
873-29-2620,268507957
706-24-9599,268495070
661-39-2243,268506823
520-74-1446,268487944
784-43-0212,268481763
349-76-9672,268506137
556-15-9637,268497597
237-02-1263,268510274
349-76-9672,268493845
508-75-5974,268504653
272-55-4293,268497541
858-93-2794,268484745
576-82-7408,268484255
214-77-6416,268487825
856-03-3848,268484654
338-31-6051,268481623
626-48-1142,268501363
600-92-0796,268487559
271-53-9609,268498241
506-14-4016,268487097
627-79-5997,268494111
910-33-1979,268494699
873-29-2620,268507026
827-46-6267,268486103
821-24-9412,268486985
563-60-8705,268497443
690-09-2036,268509903
765-24-1639,268502854
874-32-9427,268499123
256-31-7892,268502469
318-22-2828,268493152
848-25-8473,268505507
838-45-9343,268498640
692-38-3827,268483443
874-32-9427,268485284
756-76-4958,268503169
260-71-8148,268502945
687-34-2480,268486411
270-75-5897,268507376
274-27-6513,268503575
213-32-1448,268501510
647-19-8518,268502511
370-83-8697,268483478
819-35-6503,268503029
859-55-6280,268497044
331-13-6835,268505353
856-03-3848,268485291
651-47-1970,268484101
638-96-9343,268498171
896-25-8370,268481308
859-40-9947,268489358
534-62-8298,268497457
842-04-5706,268492613
641-52-2437,268487251
780-64-7865,268485179
434-76-7869,268500698
649-53-9893,268500229
686-68-0909,268482134
117-66-8129,268500341
234-37-9132,268484458
683-87-3766,268482246
885-46-4577,268483835
899-42-6637,268498864
878-32-2595,268505283
773-71-9737,268502945
699-67-1766,268495056
505-69-9935,268497072
773-71-9737,268482995
400-52-2389,268508293
689-65-9692,268480916
709-43-8302,268496722
620-85-3606,268505962
537-27-1654,268503456
679-66-9286,268498066
383-26-3713,268497247
799-52-5205,268509063
436-38-3179,268503694
691-51-9612,268493817
444-08-9581,268499508
456-41-9569,268481399
318-22-2828,268491801
401-01-1355,268499718
673-48-8212,268505598
766-98-1818,268482967
775-75-2532,268500831
622-53-3302,268488735
493-92-1993,268498066
630-78-2095,268499739
683-87-3766,268481602
915-75-5600,268510106
699-67-1766,268482015
577-47-4459,268501622
534-62-8298,268485536
346-96-9018,268482596
630-78-2095,268490583
253-58-9660,268482862
632-58-9372,268505388
633-71-2217,268487279
773-71-9737,268506935
456-46-1699,268498430
627-79-5997,268489225
383-26-3713,268493803
689-85-2810,268492830
258-98-0727,268484584
800-78-8581,268495889
893-63-6176,268507495
824-65-1090,268490037
525-30-4448,268503953
861-75-4699,268488777
690-37-4924,268498339
503-57-3996,268493964
696-28-4220,268500502
508-75-5974,268495329
434-76-7869,268506928
185828789,3
185832227,3
185831771,3
185832281,3
185828423,3
185832179,3
185832374,3
185829893,3
185832989,3
185828429,3
185828597,3
185830022,3
185829281,3
185829677,3
185829134,3
185830652,3
185831624,3
185829626,3
185828630,3
185829944,3
185831357,3
185832176,3
185830568,3
185832728,3
185830841,3
185829605,3
185828261,3
185829977,3
185832755,3
185832539,3
185830625,3
185828075,3
185832710,3
185833133,3
185830778,3
185829662,3
185832527,3
185831006,3
185830994,3
185832737,3
185833055,3
185830262,3
185830520,3
185828699,3
185829341,3
185828570,3
185832659,3
185830418,3
185830361,3
185828249,3
185828156,3
185832254,3
185830340,3
185829605,3
185831564,3
185831225,3
185832791,3
185833091,3
185829509,3
185831558,3
185832596,3
185832593,3
185828093,3
185832629,3
185829296,3
185828372,3
185832782,3
185828726,3
185828087,3
185831495,3
185830949,3
185832239,3
185831912,3
185832695,3
185833001,3
185832587,3
185832062,3
185832320,3
185829932,3
185828390,3
185829728,3
185829041,3
185831822,3
185828843,3
185828231,3
185828561,3
185829551,3
185832137,3
185829179,3
185832938,3
185831279,3
185828453,3
185832962,3
185829065,3
185831882,3
185832290,3
185829938,3
185828462,3
185831102,3
185831579,3
185831603,3
185830904,3
185832050,3
185829314,3
185833208,3
185831759,3
185828780,3
185830160,3
185831417,3
185831060,3
185828528,3
185829383,3
185831387,3
185828624,3
185830889,3
185831648,3
185830862,3
185829179,3
185832743,3
185832737,3
185832371,3
185831132,3
185832041,3
185831084,3
185831309,3
185829413,3
185829944,3
185832695,3
185833067,3
185831822,3
185831378,3
185830007,3
185830817,3
185830334,3
185832188,3
185830379,3
185831879,3
185828753,3
185832884,3
185832443,3
185830553,3
185829767,3
185830010,3
185829245,3
185831003,3
185832329,3
185831981,3
185832320,3
185828717,3
185831630,3
185829188,3
185828528,3
185832551,3
185831744,3
185830271,3
185830157,3
185830556,3
185831717,3
185829836,3
185831429,3
185828579,3
185832035,3
185828144,3
185831204,3
185832395,3
185828249,3
185830910,3
185829683,3
185830493,3
185829650,3
185832338,3
185828171,3
185829914,3
185829620,3
185831570,3
185831369,3
185828087,3
185832182,3
185829983,3
185829035,3
185832728,3
185828357,3
185828714,3
185829446,3
185829461,3
185832545,3
185833142,3
185830631,3
185830943,3
185832305,3
185828315,3
185828438,3
185829776,3
185829038,3
185828699,3
185832500,3
185831720,3
185829518,3
185830289,3
185829344,3
185828327,3
185828198,3
185832389,3
185829026,3
185830586,3
185828705,3
185830466,3
185832176,3
185828639,3
185828606,3
185828438,3
185830919,3
185828183,3
185830238,3
185829482,3
185829041,3
185831609,3
185829137,3
185829437,3
185831663,3
185828447,3
185828126,3
185832797,3
185832767,3
185831636,3
185828603,3
185828591,3
185830250,3
185830412,3
185830511,3
185830334,3
185832158,3
185828561,3
185828381,3
185828618,3
185831129,3
185830355,3
185828978,3
185829353,3
185829974,3
185829992,3
185832602,3
185830301,3
185832965,3
185831606,3
185828741,3
185832986,3
185832833,3
185830265,3
185831738,3
185829833,3
185829449,3
185832455,3
185828600,3
185828072,3
185829755,3
185829998,3
185830211,3
185833025,3
185828849,3
185831135,3
185830952,3
185832572,3
185832026,3
185830724,3
185832857,3
185833244,3
185831354,3
185830736,3
185828363,3
185833088,3
185831324,3
185828849,3
185830121,3
185829731,3
185830760,3
185828459,3
185830331,3
185832959,3
185829380,3
185831426,3
185832695,3
185832716,3
185832383,3
185832611,3
185829299,3
185829446,3
185831603,3
185829782,3
185832599,3
185829506,3
185828387,3
185830271,3
185831123,3
185828858,3
185830052,3
185829248,3
185833010,3
185830058,3
185829827,3
185829368,3
185828273,3
185829029,3
185832512,3
185831249,3
185830646,3
185833271,3
185828297,3
185828120,3
185829209,3
185829320,3
185830985,3
185831555,3
185830229,3
185828276,3
185830517,3
185830979,3
185828096,3
185830280,3
185828129,3
185829152,3
185831828,3
185832251,3
185830694,3
185832077,3
185829263,3
185831201,3
185829809,3
185832050,3
185830457,3
185829818,3
185830811,3
185832182,3
185833007,3
185831627,3
185830127,3
185829620,3
185831501,3
185829179,3
185830571,3
185831942,3
185829095,3
185828654,3
185829146,3
185828204,3
185830934,3
185830097,3
185830811,3
185829263,3
185830715,3
185828414,3
185829755,3
185831912,3
185828387,3
185831426,3
185828528,3
185832047,3
185833091,3
185832530,3
185828450,3
185831594,3
185829080,3
185832044,3
185829914,3
185830937,3
185830640,3
185829395,3
185829404,3
185832476,3
185830352,3
185829404,3
185833238,3
185830343,3
185830511,3
185829941,3
185831297,3
185830607,3
185831846,3
185828708,3
185830520,3
185830664,3
185830310,3
185831984,3
185828165,3
185829953,3
185829563,3
185831291,3
185830397,3
185830421,3
185829896,3
185829509,3
185833154,3
185832122,3
185832008,3
185830133,3
185831849,3
185831810,3
185831477,3
185830070,3
185832890,3
185830709,3
185829428,3
185832686,3
185830169,3
185828312,3
185828351,3
185833049,3
185831621,3
185832917,3
185830823,3
185829494,3
185830814,3
185832137,3
185830112,3
185832014,3
185830475,3
185832197,3
185828666,3
185829569,3
185828195,3
185829176,3
185830790,3
185831534,3
185830337,3
185831486,3
185829227,3
185831084,3
185832116,3
185829335,3
185831525,3
185829926,3
185832203,3
185829131,3
185830793,3
185828762,3
185829179,3
185831816,3
185832944,3
185830409,3
185830220,3
185829890,3
185831147,3
185831642,3
185832380,3
185833202,3
185828879,3
185833091,3
185831933,3
185832344,3
185829056,3
185829566,3
185830616,3
185830472,3
185829227,3
185829476,3
185830565,3
185831129,3
185833211,3
185828114,3
185832395,3
185828993,3
185829557,3
185830673,3
185832293,3
185828702,3
185830199,3
185832152,3
185829767,3
185830499,3
185832746,3
185829911,3
185828357,3
185829785,3
185828612,3
185829854,3
185829731,3
185828063,3
185829113,3
185830112,3
185828297,3
185829989,3
185830022,3
185828477,3
185833013,3
185828270,3
185830814,3
185831912,3
185828693,3
185830808,3
185830793,3
185832311,3
185830829,3
185829881,3
185828798,3
185828735,3
185831921,3
185830307,3
185832527,3
185832113,3
185828129,3
185829620,3
185828432,3
185830178,3
185829818,3
185829347,3
185830865,3
185828855,3
185832392,3
185830856,3
185830337,3
185833253,3
185832293,3
185830166,3
185829875,3
185831615,3
185831627,3
185828363,3
185829878,3
185828621,3
185831765,3
185829065,3
185831444,3
185829872,3
185832659,3
185831222,3
185828624,3
185830736,3
185829749,3
185831729,3
185831246,3
185831930,3
185831789,3
185831195,3
185828288,3
185832386,3
185831681,3
185832386,3
185830589,3
185830430,3
185831930,3
185830931,3
185832416,3
185831048,3
185830442,3
185831687,3
185829587,3
185829179,3
185830544,3
185832221,3
185832128,3
185830433,3
185831777,3
185830856,3
185829740,3
185829668,3
185829743,3
185828984,3
185833232,3
185829335,3
185828444,3
185831792,3
185830682,3
185832938,3
185831666,3
185831987,3
185828927,3
185828060,3
185829677,3
185829680,3
185829605,3
185828792,3
185832104,3
185831942,3
185830655,3
185830283,3
185832146,3
185830253,3
185828552,3
185831921,3
185828246,3
185830079,3
185832743,3
185828444,3
185828459,3
185832116,3
185832482,3
185831159,3
185831147,3
185833112,3
185829146,3
185829296,3
185828729,3
185829221,3
185828474,3
185832500,3
185828795,3
185830382,3
185830046,3
185830418,3
185828957,3
185829890,3
185831225,3
185832395,3
185830547,3
185828318,3
185829719,3
185832749,3
185832827,3
185831159,3
185828924,3
185830607,3
185831579,3
185829020,3
185832614,3
185828750,3
185831423,3
185831312,3
185830649,3
185830208,3
185830313,3
185828972,3
185829443,3
185831474,3
185830865,3
185828864,3
185829020,3
185828693,3
185828069,3
185833205,3
185829878,3
185832524,3
185831927,3
185829836,3
185832671,3
185832128,3
185830829,3
185832065,3
185832422,3
185831384,3
185831873,3
185831318,3
185833046,3
185832155,3
185832518,3
185832764,3
185828129,3
185828096,3
185831312,3
185832941,3
185832629,3
185832065,3
185830235,3
185830886,3
185831036,3
185832848,3
185831198,3
185833133,3
185831573,3
185828372,3
185832842,3
185828528,3
185832953,3
185831225,3
185830721,3
185832827,3
185829077,3
185831096,3
185828885,3
185831780,3
185828447,3
185829449,3
185830580,3
185830331,3
185833103,3
185831528,3
185831861,3
185828234,3
185828477,3
185829842,3
185832101,3
185830436,3
185833115,3
185830568,3
185830874,3
185831834,3
185829053,3
185832986,3
185831960,3
185831393,3
185832257,3
185833061,3
185830250,3
185832599,3
185828555,3
185832878,3
185832359,3
185829395,3
185829002,3
185830214,3
185831297,3
185831354,3
185828795,3
185832968,3
185833217,3
185829824,3
185832212,3
185830304,3
185832536,3
185831651,3
185829221,3
185829212,3
185832035,3
185830865,3
185828876,3
185828513,3
185828657,3
185832572,3
185829566,3
185828513,3
185832677,3
185832929,3
185829257,3
185832212,3
185832938,3
185828879,3
185830397,3
185832764,3
185832218,3
185829974,3
185830505,3
185832554,3
185833103,3
185831336,3
185831567,3
185829287,3
185832167,3
185829857,3
185833217,3
185831909,3
185830724,3
185828615,3
185831012,3
185832896,3
185828942,3
185831267,3
185831273,3
185830754,3
185829167,3
185832764,3
185829173,3
185832917,3
185828393,3
185830358,3
185831501,3
185829044,3
185829404,3
185832503,3
185829152,3
185832965,3
185829692,3
185832362,3
185832089,3
185828204,3
185828186,3
185831111,3
185830736,3
185830232,3
185828930,3
185832824,3
185831753,3
185829086,3
185829449,3
185832446,3
185831552,3
185831939,3
185829803,3
185830784,3
185830727,3
185832257,3
185831885,3
185830730,3
185829956,3
185832002,3
185828354,3
185832359,3
185830814,3
185832521,3
185832485,3
185833268,3
185831729,3
185833193,3
185830418,3
185833058,3
185828705,3
185832425,3
185829953,3
185832218,3
185831963,3
185829137,3
185830418,3
185832605,3
185830238,3
185828513,3
185830499,3
185829962,3
185832386,3
185830181,3
185830631,3
185828357,3
185831789,3
185829512,3
185832713,3
185830298,3
185829770,3
185830079,3
185830964,3
185832008,3
185831099,3
185832638,3
185829464,3
185828972,3
185828168,3
185833268,3
185829320,3
185829458,3
185829977,3
185828111,3
185830010,3
185830292,3
185830265,3
185832335,3
185830229,3
185831162,3
185829644,3
185830397,3
185829464,3
185829497,3
185828627,3
185832194,3
185833061,3
185830838,3
185831336,3
185831534,3
185832680,3
185829401,3
185830661,3
185833250,3
185830724,3
185832050,3
185828843,3
185830127,3
185829200,3
185832350,3
185828093,3
185831246,3
185831249,3
185832899,3
185832215,3
185831882,3
185829851,3
185832020,3
185832704,3
185828270,3
185830979,3
185829542,3
185831465,3
185828591,3
185832593,3
185829467,3
185829113,3
185828720,3
185830307,3
185831261,3
185830916,3
185832803,3
185829167,3
185830181,3
185831558,3
185832320,3
185832671,3
185832152,3
185831771,3
185831945,3
185830490,3
185828261,3
185830625,3
185833208,3
185831084,3
185829683,3
185831729,3
185831003,3
185831993,3
185832236,3
185831348,3
185829110,3
185832695,3
185832329,3
185828954,3
185830253,3
185830715,3
185829104,3
185832947,3
185832944,3
185828309,3
185829917,3
185832659,3
185831840,3
185831774,3
185832572,3
185832668,3
185832200,3
185831933,3
185831015,3
185828666,3
185831159,3
185832302,3
185832191,3
185830376,3
185831003,3
185829788,3
185830547,3
185829419,3
185831144,3
185828081,3
185828528,3
185831024,3
185829149,3
185831627,3
185829041,3
185828483,3
185830769,3
185828963,3
185828216,3
185832092,3
185832986,3
185829767,3
185828393,3
185829446,3
185831843,3
185829410,3
185832041,3
185831504,3
185828438,3
185832650,3
185828570,3
185832170,3
185829863,3
185830100,3
185831270,3
185828843,3
185829785,3
185830436,3
185828138,3
185830184,3
185829761,3
185831969,3
185832542,3
185831690,3
185831039,3
185828489,3
185831933,3
185829353,3
185828855,3
185829404,3
185831252,3
185830157,3
185830463,3
185829290,3
185830805,3
185830502,3
185832593,3
185830346,3
185828666,3
185831141,3
185829629,3
185828222,3
185829071,3
185832701,3
185829584,3
185832716,3
185832755,3
185830310,3
185830889,3
185829671,3
185828876,3
185833106,3
185831738,3
185829584,3
185828444,3
185831948,3
185828084,3
185831057,3
185830436,3
185829116,3
185828756,3
185830310,3
185828057,3
185832437,3
185832170,3
185831168,3
121293168,1
121294748,1
121288938,1
121292483,1
121296548,1
121294713,1
121298148,1
121297263,1
121291848,1
121298093,1
121287448,1
121295553,1
121287388,1
121290473,1
121297058,1
121292758,1
121289168,1
121299023,1
121291958,1
121298593,1
121290203,1
121298228,1
121293853,1
121296658,1
121289408,1
121288843,1
121292588,1
121289808,1
121298668,1
121292053,1
121289418,1
121293843,1
121291198,1
121291203,1
121288768,1
121292068,1
121289833,1
121294743,1
121294653,1
121296228,1
121287628,1
121287658,1
121298418,1
121289403,1
121290763,1
121295353,1
121289673,1
121292033,1
121299513,1
121287258,1
121298063,1
121295268,1
121291008,1
121287683,1
121297943,1
121287758,1
121295538,1
121297038,1
121298523,1
121288078,1
121294853,1
121288028,1
121295033,1
121295803,1
121287598,1
121295373,1
121290213,1
121291933,1
121294148,1
121294398,1
121287188,1
121287533,1
121296658,1
121296173,1
121299538,1
121289903,1
121297203,1
121296433,1
121296378,1
121288703,1
121291303,1
121299383,1
121295723,1
121294443,1
121291743,1
121293938,1
121293198,1
121292413,1
121289103,1
121290083,1
121290623,1
121294973,1
121298708,1
121288808,1
121289718,1
121298193,1
121294193,1
121294438,1
121298593,1
121288443,1
121290008,1
121297853,1
121290338,1
121296663,1
121290478,1
121298583,1
121292068,1
121288268,1
121291168,1
121292828,1
121297933,1
121293223,1
121287983,1
121289843,1
121289988,1
121299243,1
121287283,1
121296498,1
121291133,1
121294943,1
121294393,1
121296303,1
121296613,1
121292003,1
121299123,1
121298123,1
121292448,1
121291403,1
121296123,1
121292758,1
121289473,1
121293688,1
121290043,1
121289468,1
121294128,1
121292778,1
121291093,1
121297738,1
121292803,1
121292453,1
121299413,1
121290818,1
121288988,1
121297493,1
121287883,1
121297498,1
121288478,1
121291303,1
121297748,1
121288093,1
121294403,1
121298778,1
121297663,1
121295668,1
121288393,1
121289288,1
121288913,1
121297698,1
121287428,1
121293203,1
121289498,1
121291918,1
121291653,1
121289878,1
121293088,1
121291743,1
121297703,1
121288223,1
121289053,1
121294073,1
121288893,1
121294018,1
121289173,1
121290158,1
121287168,1
121299213,1
121290433,1
121298028,1
121291258,1
121290778,1
121294868,1
121299193,1
121294613,1
121288598,1
121291783,1
121288088,1
121291533,1
121292888,1
121290218,1
121293773,1
121295608,1
121297523,1
205-52-5697,121290663
121288458,1
121288068,846-48-9238
250-75-5238,121294328
121299183,1
121293498,1
121296658,1
121297673,1
121288443,1
121299168,1
121292928,1
121296728,1
249-54-6589,121295373
121295823,1
121290638,1
121297998,1
121293773,1
121291113,1
121295478,1
121295513,1
121295303,1
121287508,1
121299008,1
121289103,1
121288333,1
121298278,1
121291138,1
121291373,1
121298068,1
121294878,1
121293008,1
121294603,1
121292458,1
121295913,1
121287623,1
121287633,1
121292298,1
121291043,1
121292818,1
121299523,1
121290843,1
121288438,1
121298188,1
121290563,1
121289423,1
121290643,1
121292098,1
121288478,1
121292708,1
121291398,1
121294558,1
121292438,1
121294083,1
121296298,1
121299573,1
121290133,1
121290353,1
121290903,1
121289328,1
121290118,1
121291003,1
121287588,1
121292623,1
121295723,1
121292158,1
121292768,1
121297063,1
121298678,1
121298103,1
121291783,1
121299013,1
121294583,1
121295238,1
121297583,1
121289808,1
121289033,1
121295003,1
121289713,1
121294078,1
121299333,1
121296128,1
121290063,1
121289608,1
121292168,1
121295233,1
121291278,1
121299153,1
121288968,1
121290058,1
121294138,1
121299418,1
121289518,1
121297028,1
121295118,1
121296473,1
121292378,1
121291818,1
121297813,1
121297853,1
121287548,1
121290653,1
121291988,1
121295943,1
121287383,1
121298748,1
121297728,1
121298198,1
121292598,1
121293763,1
121294073,1
121297128,1
121297088,1
121287878,1
121296693,1
121289293,1
121293853,1
121297628,1
121287778,1
121291188,1
121289763,1
121288958,1
121292963,1
121287408,1
121295093,1
121287238,1
121288423,1
121290583,1
121299038,1
121287423,1
121298778,1
121287798,1
121290378,1
121297093,1
121291798,1
121293528,1
121295628,1
121297598,1
121293163,1
121298348,1
121287693,1
121295378,1
121298763,1
121299633,1
121298843,1
121295278,1
121291228,1
121296808,1
121289753,1
121293928,1
121298418,1
121289303,1
121287503,1
121289023,1
121295578,1
121294703,1
121291643,1
121293678,1
121296178,1
121296748,1
121295958,1
121292903,1
121298903,1
121289293,1
121292908,1
121293258,1
121294858,1
121292073,1
121295588,1
121299293,1
121287318,1
121294993,1
121296128,1
121297543,1
121299428,1
121292898,1
121298618,1
121297078,1
121287618,1
121294338,1
121293618,1
121296703,1
121297403,1
121295698,1
121294673,1
121287328,1
121287983,1
121295593,1
121292508,1
121298043,1
121289408,1
121290988,1
121298183,1
121299018,1
121293153,1
121295823,1
121294028,1
121293853,1
121289593,1
121287673,1
121292223,1
121294643,1
121290448,1
121292973,1
121290978,1
121297418,1
121295208,1
121296938,1
121289803,1
121297108,1
121294118,1
121295598,1
121289858,1
121294698,1
121294103,1
121293353,1
121292558,1
121295043,1
121291178,1
121288588,1
121289623,1
121297848,1
121297828,1
121298353,1
678-06-9352,121293008
121288063,1
121297358,1
121296868,1
121293723,1
121296538,1
121289143,1
121290373,1
121294253,1
121293973,1
121295183,1
121289353,1
121292703,1
121295198,1
121291658,1
121288563,1
121291448,1
121290678,1
121293173,1
121293233,1
121287353,1
121293678,1
121288918,1
121294333,1
121292038,1
121294968,1
121296663,1
121296843,1
121288083,1
121287453,1
121294718,1
121293088,1
121298873,1
121292978,1
121287503,1
121291953,1
121297263,1
121292113,1
121294563,1
121293898,1
121295843,1
121290033,1
121297668,1
121289603,1
121296998,1
121295703,1
121296488,1
121289053,1
121293733,1
121295853,1
121296333,1
121287553,1
121289488,1
121294988,1
121298463,1
121294083,1
121294433,1
121288788,1
121292553,1
121287388,1
121291593,1
121297398,1
121291713,1
220-62-1837,121298663
121288383,1
121288753,1
121287583,1
121294698,1
121295273,1
121291438,1
121299108,1
121297163,1
121296928,1
121290143,1
121287898,699-85-1673
121290903,1
121296153,1
121290388,1
121296013,1
121298138,1
121299218,1
121296608,1
121297128,1
121298488,1
121288613,1
121295263,1
121287558,1
121294573,1
121290938,1
121295268,1
121297123,1
121297093,1
121297308,1
121294238,205-52-5697
121296178,1
121297328,1
121287268,1
121287258,1
121297113,1
121297858,1
121298708,1
121298443,1
121298383,1
121295103,1
121294153,1
121291878,1
121295673,1
121289928,1
121288923,1
121291118,1
121297378,1
121287173,1
121287398,1
121288328,1
121287623,1
121287358,1
121296888,1
121288123,1
121293383,1
121297693,1
121289293,1
121294708,1
121289188,1
121296908,1
121291663,1
121288938,1
121294488,1
121290723,1
121290088,1
121298508,1
121289883,1
121295268,1
121290353,1
121290678,1
121289853,1
121298793,1
121292023,1
121293668,1
121287693,1
121295358,1
121292843,1
121291008,1
121296778,1
121292223,1
121294933,1
121287623,1
121294823,1
121295228,1
121293838,1
121289198,1
121294078,1
121298073,1
121296253,1
121290358,1
879-22-8665,121299348
121289033,1
121294138,1
121294548,1
121292908,1
121295793,1
121288023,1
121299328,1
121298618,1
121296023,1
121295963,1
121295068,1
121298598,1
121289798,1
121292828,1
121288063,1
121293873,1
121294158,1
121290438,1
121296093,1
121298248,1
121292633,1
121299543,1
121289168,1
121288213,1
121299473,1
121292048,1
121297118,1
121289053,1
121287738,1
121297018,1
268491808,3
268481294,3
268482218,3
268490205,3
268502399,3
268487237,3
268498528,3
268495819,3
268480860,3
268495777,3
268481539,3
268494993,3
268497429,3
268496757,3
268504037,3
268510043,3
268497345,3
268490324,3
268501797,3
268487951,3
268508853,3
268500537,3
268484094,3
268500957,3
268501881,3
268491101,3
268490898,3
268499158,3
268503883,3
268481441,3
268480979,3
268490037,3
268486117,3
268505759,3
268497751,3
268483611,3
268508307,3
268489869,3
268506760,3
268500418,3
268492466,3
268506466,3
268485284,3
268489561,3
268506389,3
268503190,3
268484031,3
268499158,3
268500845,3
268496239,3
268498794,3
268493635,3
268482715,3
268488238,3
268487993,3
268498535,3
268509322,3
268499025,3
268505444,3
268493005,3
268500103,3
268502126,3
268494195,3
268491948,3
268501461,3
268503323,3
268489918,3
268486152,3
268489204,3
268497681,3
268497219,3
268505815,3
268490625,3
268501580,3
268505150,3
268485200,3
268502903,3
268505640,3
268508671,3
268493831,3
268493705,3
268503484,3
268487538,3
268491010,3
268488490,3
268506606,3
268501951,3
268488812,3
268502931,3
268502245,3
268508573,3
268503967,3
268490443,3
268499487,3
268482519,3
268504268,3
268505339,3
268484731,3
268508195,3
268484675,3
268483905,3
268496708,3
268482232,3
268509560,3
268504471,3
268508636,3
268494881,3
268496232,3
268489596,3
268485942,3
268481336,3
268488490,3
268500012,3
268500495,3
268493383,3
268502343,3
268481903,3
268500334,3
268496820,3
268486159,3
268492529,3
268486313,3
268506137,3
268499438,3
268509889,3
268504751,3
268491360,3
268484458,3
268488833,3
268502308,3
268486607,3
268486075,3
268510043,3
268509924,3
268506816,3
268505122,3
268506368,3
268499830,3
268496043,3
268498815,3
268506865,3
268504947,3
268502959,3
268499018,3
268509455,3
268481154,3
268482141,3
268483513,3
268509665,3
268499165,3
268482855,3
268506655,3
268484822,3
268485872,3
268481280,3
268496400,3
268500194,3
268503974,3
268507054,3
268497625,3
268503491,3
268498353,3
268492662,3
268485508,3
268497548,3
268487279,3
268487881,3
268509679,3
268482834,3
268492879,3
268502735,3
268485865,3
268491094,3
268500719,3
268497044,3
268498423,3
268486026,3
268481854,3
268504793,3
268504513,3
268485634,3
268484486,3
268507390,3
268483681,3
268507187,3
268507593,3
268495966,3
268502273,3
268493628,3
268502140,3
268486887,3
268505003,3
268492886,3
268499641,3
268481203,3
268486817,3
268498731,3
268482106,3
268492123,3
268509616,3
268504282,3
268484969,3
268506151,3
268491486,3
268482267,3
268492914,3
268482890,3
268498794,3
268481098,3
268498059,3
268495938,3
268485018,3
268496274,3
268505605,3
268500110,3
268493551,3
268508902,3
268500124,3
268506669,3
268509098,3
268500194,3
268504527,3
268481070,3
268485123,3
268500635,3
268499242,3
268508874,3
268500754,3
268498500,3
268492452,3
268485081,3
268506809,3
268491052,3
268488553,3
268495945,3
268498122,3
268503169,3
268483989,3
268491108,3
268483758,3
268483604,3
268493145,3
268503456,3
268499543,3
268482995,3
268492865,3
268481063,3
268499158,3
268509189,3
268484367,3
268485242,3
268484283,3
268491941,3
268505143,3
268495994,3
268496470,3
268484094,3
268494447,3
268492585,3
268493649,3
268486117,3
268485186,3
268496533,3
268508440,3
268494034,3
268508055,3
268502063,3
268485158,3
268503218,3
268494566,3
268506144,3
268508895,3
268494762,3
268507082,3
268506291,3
268506417,3
268487951,3
268487650,3
268483583,3
268497317,3
268498990,3
268495924,3
268494020,3
268481602,3
268509434,3
268506634,3
268509147,3
268484087,3
268509035,3
268509546,3
268489883,3
268483828,3
268486936,3
268490408,3
268506928,3
268482316,3
268492788,3
268504982,3
268499977,3
268496953,3
268483884,3
268496211,3
268480888,3
268484724,3
268482113,3
268491906,3
268510260,3
268503673,3
268508755,3
268506298,3
268489197,3
268505843,3
268494286,3
268499242,3
268491584,3
268491017,3
268490163,3
268508699,3
268491346,3
268494293,3
268484563,3
268501902,3
268493229,3
268486180,3
268495938,3
268509364,3
268488420,3
268501356,3
268506193,3
268503407,3
268491108,3
268490268,3
268496897,3
268496778,3
268501055,3
268498262,3
268503589,3
268488770,3
268494349,3
268489953,3
268508447,3
268494433,3
268509203,3
268498675,3
268500180,3
268506403,3
268494909,3
268506984,3
268496680,3
268492641,3
