Jeremy,Lowe,29,7ea0a1beed1eba9b948e3a2f65d4fc3436266ef95ab68d86e6f14604f5b9ae6e
Sandra,Marsh,77,82b217f0e135c668b7d4140d76e896962c4db9822a24c78b20c5047fe55db369
Madison,Ryan,77,f015588244525f28ba13ca23faf9dbffa86c60d90274868b2e7cc921310838e1
Jeffrey,Moss,32,0708d08bad4ecff881f7288bb70d082d46c4cb43f7fb578719ea7e0acff10fb8
Leah,Mendoza,18,9f5ba41a4f5505c194cbb092067c67dcf43a0961a800d502e4cc7bcd28736ec8
Michael,Meyers,45,92247be89171881ad602909262397d1f2476fdacab28b06bf060018dd86ec39a
Erik,Freeman,70,c879e14edc3051173a76e84f9531aea6c6e5b7396b133936dc4036146e033722
Kayla,Lee,73,8780333c4b7d60fa70f98db234558808e080c5f509c4f0b6eda75656fd167e9f
Kayla,Morgan,77,8fbd214506f1834649683eb4d2dd2bbbbbbc8c20ef982984bb6cb977b6c6919e
Paul,Morton,29,b312684ace90022b48f0df96fd682c6a24e7fbc4cc80458ea1809bd6addf2e7b
Sara,Larson,57,db3612bb8237e500074c9d3398c4a8e3fe26319b79ca7284226ef8640696238e
Jose,Vaughn,76,707d03966922c3feb7b73162eff657e92386bf4ae2148eb3c4133a73fe8fbed5
Heather,Ruiz,24,a01ec03ecf1c812267713b8edfc9c457a5cff6f19944f5f95fe9681e0b680a1c
Erika,Bryan,66,d72cfae50fdff07a566f5abd8bb339f9668b24378999b2fd5ea3c2db5f7f2437
Cameron,Cook,39,63a744ade2fcb800fc1aab5df3dc33f9484d5f66df8b92d85fefe83be1ffbd6e
Jennifer,Douglas,31,42cdf2562df05ee322390cfc25df12861551c6ce5b7d15fe473c9c340569e450
Christopher,Thompson,45,4f3eacb247ee86a6321cbbc47a94299507dd3c63e733b318f0f8479bb333fbbd
Denise,Cobb,50,a29b54d2baf8dc066470ed1eaf64cc350e00616f3550f4150ccd8b27237bf028
Frederick,Gilmore,81,c034fc367d787ca6660a70ed320a4999fcab5cd34ba58665c449c1dfecb7f0b4
Lawrence,Rodriguez,62,2d70dc39966c3c4eaf2b23ceceb52138c842acf282b4b85ca162239313541dce
Casey,Evans,52,eba054539f7154be54a3a3a38694f513512168c976c782526361bcd8d945dc6f
John,Bryant,40,50c389a441365223b6c0f8309f6f77529beaefc654e810bcee5ac8fbbbd42e8d
Heather,Drake,51,f90ecc5a4d8d147a481c5db62629f6d0a87f24a2b3e4eff2ec84443aa8778b07
Natalie,White,72,0261f132a2624af7815bd7ee4e73697111880acbd28b35267a556bf3875fa9c2
Colin,Combs,40,900b0488c04be10f5e2aee31a7cbe23f51a908893cabccd4746794437249b0e6
Stephen,Holmes,37,5515d649092793ca1718f4fd86fb941654c43058bb713698063c84d9b94ea6d7
Jason,Ali,57,bda3e17a1371d88865629a3218f9c808e0fe759cc27e24945f97cc81a12bc852
Brandy,Nguyen,41,d665dd4e6e14db3345c90f9281b34eda6e9a807c5bd2aa168640f3db6111f086
Robert,Wilkins,38,4f21dd67b2bde0e2ce6dbba2bb302a138b3e818f04a9c4c35c1946022892eb3b
Dr.,Lindsey,65,15c4b65e975bb54d5d6c460d8082235a90f9134ba8d8d00539a3b7f823705ad3
Heather,Kennedy,55,8e03d34c1a3be04cf3ee4b41900191d45498269c3ec255cde321427d838a151a
Lauren,Kennedy,27,1049d040c6ab92b33420bb23eaba8fdc9e808d0077a37c7cecac15b24b201494
Douglas,Hamilton,30,26d451d52f46dd171bb364c1d39b44eecf1c0dc1d2527cfa05e7d28c9d0d2d78
Luke,Smith,55,287d03f3421cd61a4e8e8cb2aeef1b3c411fe9830cde36bc68086dca00344aa0
Christopher,Diaz,24,349d1657d671844470e2d1acbb5a30b8a13fee68dde137f9f94d25d5f0d10c5a
Kelli,Mclean,64,f91761557706fcdf93942ef0f4f4d9b17d668fcb78e6f738022ba555df8ac6ee
Kristina,Guzman,34,c9e7d71b0da443097b77e98b9a43be98d21ebc6836c38a3f814e5275fd45119e
Carl,Harvey,21,5064f96c5897f8b15a81750df01169f5e950b84b2767d37fcad568a8c1a81bf8
Anthony,Moore,70,c28eaec8f79b189e6092547bbf7c0917716032dc026b1ed493440606daef0c00
Mark,Swanson,63,9222b69bc80249b3cd8085cc8f76f5b9664777bff4755ef5060f4b7dc16bde69
Jessica,Clark,33,083abf822a344751272da41cf3fc3c7786941d0073d7e7560a2c3bae2032c234
Robert,Knox,28,266bd2328dd39bf39a209b7210641f7bdc18a1b5ab99df70379468a731c8185a
Zoe,Robbins,34,a7cc395192bdfce3530063684005c8f606b9f0be3f1d8a6f243722962133bbe7
Deborah,Hall,41,f3963a206db83f290140f2e9e1502350b543534f08d6d164256c73bf9ea44a4c
Stephanie,Bowers,82,08a68db5b8fc64e7847a2bc9da82096765123576d99fabef1e5abe18602e20d5
Shelby,Cox,29,1cf49500348df0d8a26144986cf54b19afee0e90272ae7987b6563401e2a4ca4
Thomas,Abbott,69,7617076717696286e34a56c65ac4088dd45c6acbfb236765e95ec72cd0517b3c
Jennifer,Glover,28,a3eb1318d64c61172f6b40cf07102425f75ec9638e52924b3d50c3ea586c6521
Gregory,Gray,49,2f7cebbcd2b93f2ba985b300f05590f0dac0a2ae7ca6acdba6a3264fd7e35a2f
William,Rogers,60,5c50afcef1aa45efd68ee675a8613fcf9b7f7e4bbf5e82cee1975fd58e10670e
Jeremiah,Waters,37,c97f1b3bdc0e481041ea5b98094b9db121e5167b1b0c19f1703c86ead1415be2
James,Aguilar,43,81d2b692f5b25abbab3ec6b8680faec197d0840f5d35826353fbf0bd45a07985
Tammy,Smith,48,c6a5776b8dc1deaba5cfd886ad37d5e3f11b7129aafd26900a95b3e48445df0e
Michelle,Oliver,58,6d51d17dd4fdb62d5d108ebefc6c3cc8894f50f5a17c92b74eff5aff8f43e552
Sharon,Henderson,48,cff9cbb4ed2afe931846a99558ad6c71746089cb1caa643f888f537a68d92309
Kristy,Garcia,47,de6dac4d90ce89eda1c8c40553b28fa1a794d1d0e275f0cb23bfd83a317725be
Lauren,Barnes,39,5b80b8e115d98cd5e8a7eadc7a2a770768c54c46c94747d0e9ee31382da34261
Tracey,Hayes,83,12cbcb225cf27c378f677c6625bb9b16037aeb13d4a030a365a7d7912b9daddc
Matthew,Mitchell,31,f50a7a7b315166e2891e4194457d4508b6153da88c614adb73b6d6701308bcf2
Randy,Guerrero,68,1c18eec072d20c5f97b76b46ea11ec9e4d11f03a529609edc87aa63b517b8ddc
Diana,Harrington,19,d5269927bf14c11f3a7d3011a498f06b3b7ba6cc0ab61fdedc0cfda5c72c6a91
Jeffrey,Berry,85,ebdfce262b2c01bf77e8b549d899328aa1d1bfdc2761b6e46f6588710c5faa69
Nicole,Tucker,46,06a0f8ce0c9d18938d3f6a0b4329d32c57b643a111756d42fb1bae2f545db42c
Amber,Jennings,45,320b097c00b6f9c2dd8f9a2b497943f22e1d6bce1c14b6a665b13c2388e7da89
Brandon,Bradley,75,5a4b7fe648bb898242fcc3492d1e873ec7ec2d1e7ad8d830c8a1e5011ec46853
Bryan,Craig,29,9bad5a73428d711706ab2cfcb6b4dac7ff4351669c3ea4017bed7d8e5784173a
Mason,Miller,52,12f1b2047d523ae00ab71b5339aa71b466bc846c96199fa9f767b48f30ac3656
Jacob,Hernandez,75,940d27dd440536584f6f1dc886867c1ee2d566b551e14537af1bd03309f96894
Sheila,Gallagher,49,315499d663a4b95f4de9e6def72938bbc60503cc6b3e133188c001e069b8cd9b
Robert,Potter,30,55f6f60dc8118b62feca2a0136f6af06349c581773158b66705cc11dbd876744
Sheryl,Kane,34,96e9cbaa815c17fa89da83ee5df15606c81bde4f363bad9f5eda03f493e3096c
Nicole,Stewart,26,1828335ab646f0c6cfecf5fc88acad3b2b4b70802278cca790a25f2a6564fd9c
Madison,Long,83,15181d4fdc106ce290aec62c5c259f028be48abbcb3bed6988f2bd3950c67434
Lisa,Salinas,80,e99c88c3036be985e675410ef174c650d82fc357c3dd05f87815fd27e841bfcf
Kenneth,French,30,46aa5cb7ffe7a77d47c5d5e0d3b151c3e1a159dedf3b95ef4c2abc628a9788d3
Jason,Hinton,23,0e4bd3993334a116232244d0bcaabe5f313c3dd1d33dbc220f34696764e1ef3b
Lisa,Frazier,66,c0406c1b8937f6a44a2b50828b65658e8fba740a83af2ced944510ed031c7af4
Sarah,Martin,76,47803fbf2d1a83781da0000a01ed170ebc8c543afa4860cadb5347bb7fa5c337
Ellen,Porter,65,b9479ad245be7bd57ce3df5e7c5f3837a5653fe47960d38b9e548eb19fb56314
Lisa,Miller,46,32837cd116aec76229958c87d333c75de8ae91441d35b63f0ed7a0427f270b4b
Dustin,Campbell,20,acf820f7c6f8b48cd02946b2740b281667b0c1f7bb54fff5fc1db85b1ab49c5c
Rhonda,Dixon,46,115df624035902de7414f22180c1628d65c6e06f7beef11791633d3df905cabc
Karen,Mitchell,23,a007d75b1b44c59dbd67a4ce005434be8419beb16361f44dedd87eb56c3bfdd6
Neil,Reyes,30,f8af546412a8d9d12f03058eed6425bf562042384c10280956668496c718ae92
Becky,Romero,49,6761fc077bf7301bc366499d4fdeccc5d9e5689a9d60b68107e88eeae732e3b7
Meredith,Cunningham,40,f7aabb6614f5f30a51eaebe1d281ced7439fc313ae1e13c6b998aac49d9342d0
Melissa,Cunningham,68,4991d54ea6a919cc134e0034c436af2ca6292f90e45356c1edf01ccc16fc204e
Andrea,Hampton,83,68ad537d3388146a6e4d226aec552d020e5a41b39d3e33fee7717c6a1426fd58
Erik,Hull,59,5e7de387d1ed365e95fae20cf56f7cdb2c6270af086a4ccf2176d703d0b1e178
Jane,Daugherty,20,dbcc5272a2bce6556a7afb18a7dad66841ac76964ad09f12a9097a746f7700b7
Jeffrey,Zhang,75,3a681b241162bc105240958d4c11a21057b0c474da076ab216033bd4446c88fb
Richard,Tran,41,2a85c706471437282877c9e84a3399b0c4c132f26cc8787b279b8a6834a61dae
Austin,Marshall,43,fa9d92fd938e995a43e028b17e1b0e01ece54ca1ae88ceb7df399a28539e59cc
Manuel,Wells,58,6b3b6f63f0daa3c1f1d3d492b593733d083b792484c2220f1b37ee4b01eeeb6b
Natalie,Martinez,69,2073a915ce33140fb4d8b61bf93279727d06af4362bd2eea137bb3e30f0f314b
Joshua,Jones,84,41c3bc3af0111dfc5df4810e9b5a5c8b8e6eaeee3553c6d62e8b629f4b7627c1
Shelby,Meyers,81,f8d7d5c13a038e02cff8edda9c62d37d6570b44de55bd49b76d98a771f9c2d09
Peter,Bell,48,a52c76ace0f7208203c743e0f347ff4e902af5388f6eaea47b0991f04fc4b509
Kyle,Shaw,66,f7c35f49f8357454f43326902542f98a454aa4fd2f89a6cfc6d82a854033c37e
Fernando,Ford,84,3621ef97fa94559f84ae89963493fdb2b027012f9ff989c091fdd32cc37ef45f
Kathleen,Wilson,22,480335baa8b860f201f1fea4dd176190b9717d729608e28dd984c0879bb36743
Sarah,Clark,77,ec3914d13b9b4a3c5673d770bb730b68058879dde8c01a4036e6faa44b103a0b
Bryan,Wilson,61,3743e701172bd65c59c248e7161df21e09680e8fdb80cef8d3463b088104b35e
Jessica,Walker,37,5b5974512349cef171d2e9a4c9fc9371a029ba75b93623edc916680aac77b067
Adam,Stone,75,4906f0108ead734a96feb018aa60b3270550ab154ce066f3799f19762002c915
Jay,Blackwell,39,b17fac1439bf294a10038d188c2c5ca8ce68480238c03a614142516e711b9ec5
Steve,Orozco,45,bc9c9d164aac603780290afacb3d6ec9335e8e81adb2577a766ca5ac72e0b32f
Holly,Williams,47,8df49da1c8659ec160a9d656c702423c03924568411bb8e23deabb7ebfe103fd
Brent,Little,63,d407a12028dc8a441ff03ff7b0f44ad4fbaecd009ceed2ff52a72a3094331ee0
Patrick,Nolan,22,815e501116c68037d0795ae8e4c3201bc7b4a4a73775f5e41db5d56076ab061a
Travis,Stevenson,31,57ac49ef9ccd5cde2d487e4fb570e55f2bb73d84610698177d6bff3c4df55d11
Ariel,Frye,83,dba4eeb491f3fa2cd255ee2759cbc80e7f649bdd47e886a9a7eef03ef9267682
Nicholas,Blake,34,5aa17c24698e99b74c2a2843dc42198e29aefc9543d6225610619667b7a103a7
Jennifer,Ford,67,681de5427ca5acc3e13ae7f977604ac5016d1313e8dd4c96e4765598d8af9756
Mrs.,Patricia,79,dba00b3768111a68a7dc6d4f6c3adce8ad6ce119fe25838fcdce8511c31d8b54
William,Cameron,54,5de4fd6d60f99cdf885c431f403f6757b9b4a2d9c87b0178d78acca8b38423c0
Rachel,Hale,26,c2f9e80d19769049d516d2775609832bed7205a3394fecf109a580814b9361eb
Sabrina,Cross,82,66009c19e9475781ce5f84f7e74c440876b7b4003c8dc22a2aa07cb8eb08aa1e
Amanda,Davis,66,efb46764eda4902d97f9657a7a8aa6a417f394bd05b07fc799f59f84b3ba3b3e
Tiffany,Kennedy,23,5bae2fc117817b9983676308b25f72468f3c7255128f8f34f90a1934e9ccccc2
Julie,Diaz,81,03d2aa635abc66d4fbf9a7fca1992336a402f4d55dd92fee0d3a5a68016f78f1
Barry,Edwards,76,3e2f6f34c12d7471ec8ededf644bbe8749c334d85e257dd56b7da6a646cb26b7
John,Mendoza,75,41487a453b0953a2fb5eb8a66fd09494304111fa41c8fcc47f6725ae86e56a41
Michael,Brooks,74,a0ef03c63eed1f0bfa7637d1b696b112a153d43ddb703cf53e006c421a9d0248
David,White,73,d7aa04f5c12e82ab613be68667dbe510d9d6219603b4e457bc17d3ea88361104
Cynthia,Reed,32,1209cd40b1dfacb9c1ac41c659d9044fb10e724475c871635f6be3ffe5b8e7f7
Ashlee,Fields,42,5f6010b64a651afaf4059fc5772d7fa7086913572e4bb4ca476b8b3d33a18b91
Taylor,Skinner,81,a3c42635ce5a130796c8ed32eaa2ce0678163a8a33f365f1efed0db08d450c01
Emily,Crawford,50,0162ba44037f136d799c6e48686779036798154b25df2b2f2ccf43cb4952884e
Natalie,Barnes,60,eee1915bf43a204589666225c7e9b8e0b288c6e6d8e52627f9b097bf0a43d81f
Natalie,Aguirre,34,a3b98d355d83a08d37f04c0b5959cd8cb2ad19e84ed8c273d1913608e671214d
Isaiah,Morales,19,5e271d749499b156a877860c81bba98038b75a7786d4a0bbdbce51f2d926876a
Justin,Walsh,71,95f99b1d7bf987e95d2bb297f56ebf6cabb5bda7cd4da7155f0280ef9cd4cbe0
Mindy,Rodriguez,27,1a434d8f8fbff393972c9f4c4dcb1f7414113d680f9cf1c2bab9051b2741db7e
Susan,Fitzgerald,66,de2d17e8d7782fbfb6f7ddd746954ae25dd3d5a7e6de4df429caa57f79474e48
Lisa,Miller,57,40f37359e7d22e7c13407efd468f83d61935caee3bd9fa9ad9a8108459d9cd4d
Kimberly,Miranda,24,0c978f5e60e00e031daa8849d65fcf72b9bc476f8d3750595ab96613abd336c4
Jonathan,Chapman,31,3b8c27a98936ab29648cce71d3d2337a551c2176ffffd68bb1b37d6ea4b2244e
Scott,Simmons,51,abd95123f8c8cf2aa0ee7ae56fe69c5a683d3a5a0471f42d4c73346d8ab2e86b
Jeremy,Madden,26,032c9465ded45d368a35ffd4107580c9ec595b2ed25dbe67140cf678c0106d59
Sarah,Pitts,59,2c5e4634233644e5f096c78ef839b8d73f28b46ddd4fe52b03a39c10aab5c44d
Dr.,Cody,23,8837c451850f2825071d47aed3a41d4908d9555fa07469ac36bf0b82c67a7a60
Mary,Stuart,30,f02b3eb3b5a7d754f3088f9cc80da0beb19714936068e240bc2ed20b1e61e897
Ronald,Mendez,60,43888f75cd70b34d5225d89eaf5cf20bb7593ce595637c8dc939d981f9afe2ee
Thomas,Allen,53,1f2c7832daacb50f9c78c69614f44f26d5f18e1e107867fa88c07518cc8269a2
Lance,Sullivan,40,1dab412f1819e513e896a42fd482f657aca51f08c44fef8b8c280b204de8e77a
Destiny,Webb,37,163a52bbcae2f5da6bf9fff9661ca18003f77b9ea9286ca373a4b68c57e11264
Dr.,Connie,85,5e9857fd2754a901cd270b2a24675d59d79595a69a6fd15a0a2bf23158ff6aa3
Robert,Stark,84,96a4ec6ebe3dd72799a636504ef3dfcf636d7cfea3eeeae3847f9af47f74e2be
Kristin,Pitts,33,ec5345719213aba90e68def745063e71a4931b810dca95fa139f002a6f639f23
Jill,Payne,27,283a82e7e94d09fb9de443914c56ccccd1ac78d213eaa776acce191c41f9fa14
Sabrina,Wright,62,372251b2ce540d638b9940b0548baff60a0f65f082efb5d92c49f4dd3842c93d
Bailey,Rose,81,5b17bfe411922aef25dbaaa33fde88c582e4181e7525e45428dd27afd800827c
Pamela,Thomas,79,853514638746615bec532d64eb6b3719d6e65d94884762371813bf16bd14c6e5
Robert,Dawson,75,9e6b076a75685ddabcf61016376844e6df79176de96f9391ce96c53f68e27802
David,Hunter,43,ec2db5c064ce788005f8035f1c027a9a62f6a833c071185305a19e0cee007b99
Jessica,White,39,05a114aa7cc788ab87123de5877148dacc15608bb5c6446c50a0cb9a6345d131
Justin,Smith,72,b13b965be45f90f833ffdf1aa6d3ac2ea1058325129700528e216599685dbb8f
Justin,Moran,72,ae6131163ac9d9bd2d1d572506069ac32bcfa88c53b1499f6a53c7f8b36033ac
Nicole,Raymond,27,dbea7a4824c218ab44bd1c7d1d2069c90b83553bbcc5944d45d563ca511f995f
Dana,Abbott,24,26ecd8907a140c1d3776eef4d8573122d09b99267f1e75fe9ed2b896a87369cc
Candice,Holt,34,dcb9c04e5a7ca8bc175c9ad7c7fe6d26dd886729e44e9763f8081d6cc36a850f
Lance,Davidson,36,4d4956d312c4316c5d0d95e7af8b6e812667bb9e005f589dc454faa4c8fe25ef
Stephen,Fernandez,33,7581cde28147b96267661641002673c6453daecf5116ba6f59bc887bbbe82eb6
Tom,Sanchez,67,c757372a9474554055938bcb98f1312c6ece41f1301c9172d7d8c8dc9f1a6ffc
Matthew,West,38,779efa6ccd7aaeccd36ba939182bf1e3d259c0a377dc12cce5bb43688e1d0995
Philip,Gonzales,27,5a77d7300af44625122177acc72e3bc8a165b6d99e21b71d10c41e1fe6d5b1e9
Karen,White,66,7cbb28f65ae6cd4a84c42e436e579def14b2013b43d6e1ec60ffbefdd66602b8
Keith,Dickson,57,177c15640f81e0b6c9bf92794418f7e43cd68c4a8866792432fd19aee29d7c06
Zoe,Schneider,38,b3e2a7f51bcf2dc500ece32774cce547f04be14db86d6d0e69653d59abec197e
Samantha,Carrillo,21,e975d84f76be6cdd83b40d55a3cda480d4d64ac3b66d3aa822a81b91b8b80d37
Christopher,Richard,65,27f3c10122bb6a34dab8730a3c6a4c986bed7937a16003f96f0f3ba5187da5ef
Christopher,Chapman,45,21ed6471dd51378b5949624945ae43be77db535ae6d014059d719797ec05ea9c
Andrew,Flores,83,befc89c277b3dfa978da517f3ea0a894a431f270ee4845c09c3feca0cc39c726
Michelle,Mckenzie,47,08700238cbd1aa8f02f8420648c60220575df8fb26f9abc1caaf270d2c6cbc28
Peter,Hobbs,72,1a6dbff62e997a855a3ddbfafe52e76280ff6173b47e7081c173b45d3a7635fc
Jacob,Allen,78,e0652a8c0181bc017f24c2f6de567b46b1ead3e34631085d566a0c3562faa32e
Jermaine,Pierce,64,c32f04b6bc026e5fa391ba1ca6c799ef90527bd13ed690a38b5be2fa1c87f5f0
Matthew,Hernandez,45,d7c97cdea66db5f2477c5b7c0d75eccb7e5cdf7050097a93f3e5fab4cd32c256
Stephanie,Sullivan,70,963f1af9a5b9f9f751c2dc9a6cf0ad59f8e79441cf9717989d3a78f3fc96c02f
Alejandra,Reilly,79,b8c912527dcad469d45677bed7369db6176cd2022675db2936168a300c3fbf59
Dr.,Jamie,35,90a45b783a667f9f90c3912e4023183bfad89d2efd46170f2d45e98a3c1046bd
Gary,Walls,82,39d9bb3aa6f93ff86c246d362e9671e9a3a6c2c7a1f35ad14b6cef1508653476
Kathleen,Ellis,30,57b88bfb1a2f586edc0089e72904f63c7b7c1931e899acf3ef11878b3a060ae8
Susan,Carson,73,958458016f3e258f59342e03c56715957e8668a8437e97d5a96b80ab3326fed8
Monique,Little,31,1e0de666cce687f3060981407adef88bf16fb525ed92c8506984915f212ea442
Elizabeth,Fisher,74,29a334e2db6b190c36c277a61f1c5f34443a048ec9e2946a0dccfb130d3aeeb7
Stephanie,Compton,83,4ea2f045faba08da55d741c42225fb79d75c5acd3ad916a5e795209577e03338
Adrian,Dennis,74,b35d95d27fc8e2038e57c97ad4682a4eb23f6085f11b7d24ef9295722ce57306
Christopher,Vega,39,cd5521d86f287f7c4261ab6780745e453aaa99c1f8c0f5f493a732b4a498d8f9
Christopher,Parker,30,c7e265b1c84e11b05fcd4e120acf8f6cb7f94497ace7116e6c918f054a213f17
Jeremy,Shelton,36,1e0aab78923638058d51774497d968092e86fd3a3579464ca5228aba9c57e8bf
Travis,Dean,64,d09b01bacbe3e0eae6ecc9cb088cd2a0f07f90bf7b50175f521cda442eb388b2
Kimberly,Ortiz,67,646fbb24fded9f3a8ad182bbd7eca2b1e9445d7689509a88f326c97f729baeb1
Devin,Butler,41,5aad6e2699fe17db6ed02a30d245af1f7b8c7a34663d4a08f4906b2af4dff4fe
Samantha,Johnson,51,fbc3d2f65c9419e8b3c9cdb6bbb8abaeebfcd42182215857758204d16234b610
Marvin,Moore,63,098496e984a61879399e7ffe095be33727fa0826c4c0b6ea747f5d4dec8dfb0d
Tyler,Williams,19,30103a20a42f91d732e327576056f6158703b04990a28280d05ead1f5c9dd7a3
Devin,Green,32,83fbd86e9909111e99fd109b2e01e4abaab3a60d431e8e4a18ec2d98611e6ba2
Christopher,Austin,44,cc181be1f118b2419abd508a865436123f2e338f928d26da14edb29ba5ffef29
Samantha,Mills,68,9e31a10292ef17ace530ebd8c917141fc792eac29eb37a498075c87fe6f4642b
Erik,Smith,39,47884d36c49afba6f7d01df0c1236b0bae911fd1e934400908c2603b8b8c31b5
Robert,Miller,70,5565d12056a13da4b68a05c00268b5d0931b1b82b5702994732f2f41e3832f8f
Michael,Harris,81,9af50422c72b14a70c26f91af82e797344d6cd13053b57d474b4435227823ad6
Jennifer,Johnson,23,4b61b0fb44fae4e49d652f08e304f782adc223ac619ae461a644f41b2e0f1509
Kathryn,Edwards,68,2de874284bfee4c8415ca5249da78e7fbd6f4a7cf823e086780aba37d9fa5aa4
Briana,Garcia,81,29d40aaa84184b3ab7111691eb576cc3d9c86f32cde98814f77581bb24711745
Collin,Lopez,20,4792aa5c99837767a841149689779d70d979abf8f003c3ede8d34568ef131624
Christopher,Davidson,22,41a012444cd4468dd9159fde1e778a10f88d3d31cfbfb733f2839b0bdd39b4e2
John,Sandoval,36,8ed4947a50817ec7128b96d9a337969da78288971b688a38c13ca769b6cde80a
Maria,Ball,76,e15b1e54bd9a3a6286f1a032aa13b809cc62db4f5c47fc03525ea321b520b0c4
John,Winters,83,2d13770f7574c7d5a1823fe859ac70c50a774145b20ede93c5f5c4f39b51c0d7
Eric,Kelley,44,d36294adeacb7222374e4c9bacd40fd91bd707940141a6215a559f2c9b5a754b
Greg,Simmons,46,ad2043dd651a4f64a94e77e40a3e9c5bf0fa17e4e0a997e6c431c66174c7b5c9
Daniel,Robinson,28,f5cebcac8ccda8ff6c6e69a1067f0479bead1d32cada299e12dcbc1b678be03f
Ivan,Pratt,62,ea52ef3e8f29ab4f5db9de0aed41d5c76e2241842ac1f4a7e6ea513cf418e90a
Jose,Jackson,30,4287cbf17da83fe30d6b8874be1cd5aea1e84202656478fdbd9c6faa8fd69d2a
Jonathan,Rojas,25,31be319e5dab91af4a1aac75075c8f52d17471f81f383d645f3157e6f61f1383
Jessica,Russell,55,9ec5018c1425a25cb41adac2460b29bd50cc5ed654e3e900b1407d3a77310bbc
Alan,Jackson,49,f6aa1c384316ab18d3f4d704dbcb7344e44c085dfe083e7848721751dd503f07
Yvonne,Bell,39,581fcbff74a47557ae2d11064d725d18f0b5a731f5c7a1a8100f9329960c8750
Anthony,Sanders,67,870eb2e59a6fda31cee9751e7290fdff1c08fd2ecc053c61460131355097fc91
Bradley,Phillips,30,0a7bf1c9c2aa8eed22522c3accb7bce9671e34af90f5c4fc1b426b72f1530dd7
Nicolas,Lawson,62,df15eeb9ba290099391493857cf6b884993dde5d20280e260c610c6b2494f923
Sara,Guzman,61,ab6691af2b57fa0f309555822dcd2a731f663ec623ca6809eca93edf8d084dfd
Matthew,Mcmahon,44,3b024e14c6dffc30417cdb0bf4bfa9217673e97310ed118dfdd28349ca44a2e4
Kyle,Colon,27,6092516f479321c4af00b864d3026e4fb23f1fb1e9a0c8ce68d299d9164de0ab
Gwendolyn,Preston,62,078380a1e928472f50fbbeca9fcad727274f6448411bdb4249f3c44f2cf78da3
Anthony,Owen,27,d48871931941635b01b2e2c4540b69be2e0a66ccc8b01caa31f08370ffe16041
James,Acosta,72,564800cb827c8505b3e1ee234808148382fa2d4df7574fe070ef8b4011c05d62
Michael,Campbell,84,412aeb46b4ff9a03f0939eb21435d46bbcaa644752a1318f75e55afcb172803c
Kaitlyn,Mccormick,52,e6d0c5e8b67950a43a70ffc6b67b13104eb00a6b56a6a8f4b636968b19e08898
Michael,Patterson,72,79c7f9487dc5ea240a55e61dbd2328b527ed0abf913d41d1bdd50b098db67d89
Darren,Hall,57,18ac8d95bbfa21fb50a0f549ebb90921a012ea077ecdd0f141ba957c44dcbaa3
David,Dyer,71,0ce433cfcbdec7c7a75e2afdf8ae34c77804a8abeb7eebfa3ec92f440766334e
William,Green,80,3004d6625e21359229098569bca574c2cfa8443a4dc88f0c43ea7fdc97b874a6
Mary,Garcia,29,4d2d1b7827ed64c5ee1a46892f8cefef7d5224a9c3fc1d6a14051cf3a5fd8104
Michele,Orozco,51,2831088ba93d0eb9368b1f02d13f60edfb6cdce30ba4906ace81d9606e10e58a
Samuel,Massey,42,e4539c17c2aea902e37245017c9832e0f265dd615680f494dfa678d94f050b38
Colin,Johnson,73,1e78ec3ae1a5bd5c1e515d1a7ad6076f9253d2de44adbaf3cb1c37a092d6d7e6
Craig,Romero,58,92b1767a25de4fd34ee0518bf01bb91f3c9047f31f69e980438671c1fae3f1fa
Sarah,Richard,33,01277c6587420a7c99f6ce9e0e2094be3ae311c05c2a6f9c2ca0d36c9e6d15fb
Stephen,Snyder,57,33169ae699c9ce28d0288c804055b117943f9e55747a1c7e5a57ef9a607a279b
Nicole,Simmons,33,cf404d4f53c40df59e3e60b1054e09f89371915c605593f3dd2f61d4ff65de59
Robert,Gray,61,adf7153cf6700c200de41fbdbb091c3c1e2bd20638a4f93f9cf4131ac87b4c1b
Keith,Williams,64,98a7333031ead143819d9f5d3ce4d9ca4b2f4e594021f37d07ec0fa244fe69a1
Eric,Hamilton,28,1ba65e29c763f21c6998b4c79422eb4550fdf707f33c49de88f97a4431378bf2
Kimberly,Watkins,63,e66869f9e74d43f455783555fb1913ca10d1978898aa13752fc1da68edc9b23f
Jennifer,Spencer,36,350705b3af78fadf13756184a88bf07d67b0792cb31ad6b4b76def747ea871ea
Gregory,Hart,68,d69fe18a410eae940cda873651ac5d6904fbb04332dc0d836247aa6cb92441c6
Amy,Carney,85,7cdfe7fb4d585f44e185b9ed22a501eff85eb690ce0549bb8356b30462079e5c
Sara,Miller,76,32c78429e6466c0f5d2700905e09b15e84fce8e178739e5acd94cfca69647279
Allison,Wells,50,adc16251996276b508f5fefca81c31ec597b1bc6594200298f3dbe8c4c072cee
Hayden,Gonzalez,78,f3902e78de71a761db84927395e502e27913ffd3f0f00e8a3efdeeda9cd72f5e
Zachary,Gillespie,55,486cd375f407074e294405f603620d2b004f41a6ed3bcf71a7e0d5249504e5d1
Jason,Thompson,81,d80336c24c9a5b7ad7a55ff91f89cea53ee108ef7b0195e730b2e5150ac86ce1
Dennis,Richards,78,820ccb586e5d1c09375ad8a5ee861b75f588f5d9ed2b98008ebae3ca2350a151
Courtney,Brown,79,ba3d0f0631d334361ede7e98e6b88492b5c6a68763ca10e1e46e7652b2edab0f
Misty,Moody,68,2cfd07e6e6d3b83e5e9a0414e72deae45f0513f7a70d3c08f5cb6a7517e87e04
William,English,85,ad4f97c9a13638f8f4d104c77addfc43b665b64b84c98c1258edccaddd1fca14
Sharon,Lee,81,57b7da27e41f844385989db8f3cffdc41251adeaa31a9cee38e23a3fb9b38a32
Benjamin,Anderson,30,6a9452dd0886b4c6746373fdc118c2382480b4a256ef59bb761f16e95b19f484
Debra,Yang,30,70d90a1caf0f9fbeefc18c4cae67357bd6707f102b7346c8ca5eb1cb8a60fd0d
Anthony,Hill,47,c951570da34265edd7c3571347d2e04f89cee9dea6db1d5a12b446b2b8153926
Michael,Ruiz,78,f80269cd38110198c26e46f1cc6fc80aa56a9d4ff52cdfc58e836a6503c0ae33
Maria,Page,32,4d3171034b3ef374f5cdbebc7f5c7f0c58014c67f6360a15d4d90e28203c3f79
Carly,Gregory,80,9f04bbb722c82d4b435a6e201c17f9bf97d7541819a64c2a071eb3761cd37e57
Michael,Moss,42,9ffbc08c9ade77da8078be6a0637d6b5dbd3d886ddb0379b7d335b9a5182cd61
Corey,Stephens,56,9fef147fdfe8d595e84a0927a6b4399235504ec2795a03bbea4970073d1d730a
Chris,Bullock,44,5f9a355b85d13d2a5c1f93c92834668f1234bfbee89c3e1040cef18684008283
Carol,Gutierrez,78,4030d25b9ab8ccece3a1d73db5acbb9aeb65c89cdbd82dfa913ebadeb1ba58d0
Phillip,Moses,19,88e491028f4d91bc9a9b75bfc1f118d0211a925decc980926250e63f200ffeb0
Destiny,Russo,80,915e3ef8b3dfa22bd1485c6b02641b91e6943280e7a39754e4e33fd3db9e6a61
Victoria,Macdonald,65,e08ddbf33a5080f046737e594489cfb892053552f0324658d875f66512a8167f
Ryan,Diaz,61,b49ec52356648b5924843bdcf82924fe40b4e5a271733b36475a14a09b170c20
Charles,Ellis,82,4cdcbd969e3c22959aa19046fb66f8280317075b5cc2f1012b294d2f28a09e31
Kyle,Cox,73,18c419fd0b88251bce5bf756cf0ca447a86d232b656ba48e4318a7777d644e46
Brian,Love,60,12b4f74e157b342f2fa02609635e268222e89740f24c2ed20292a8885deb6e05
Jasmine,Gallagher,71,4ab83ce378e3e709e643e824a0b105b3625b076d033f41b8877b149ecfe3c77c
Nicholas,Wolf,82,729112d99cd3e4564acbcec844c55578f0ca542e3b0aec2f6c319f1c6039f484
Jeff,Mitchell,20,49f7e331d0d394d0764b1179bcff6f744adce6ddf860ba9b1a97fb26151e6295
Teresa,Taylor,27,f8a2cdf8929001e2c002fafa8082358c892856dd27f2542cea60b54d2b417ea7
Steven,Daniels,21,859ac71cebe97238812c702ed5afda8bf7a487e2d1902a887cee379b5786ee52
Leah,Villanueva,74,ace64a9252db2bc903693a87b733fbc92f8c9f93ebb06b93a9cfecb6dbd1cb54
Whitney,Smith,69,565643f09d3b062662d37331f008e301bd779267e69c8b74adcd32f0f3247a09
Tommy,Hutchinson,38,4feb1c764cf9f58d4920fc3a1f7edd2a7d80aafb92fd9f6e58a06beb8734ab9f
Eric,Vasquez,60,c0ba17cbb2bda9c64022d8fdc8a03d25bbe9b691cc96bc9acdce3599bdafa4f7
Rebekah,Eaton,81,023e0357f702a85f9bc2328166d55c39a4698f6abf962070a94a438cef464785
William,Richmond,32,cc724025c7632489ba0347a3a05b55740af99cb459a074a5d1485f9736dddf1a
Sarah,Jones,29,587331a1c39d37a220d451d91952408762d6f8d707e0b79d761df9ba5504fd4a
Matthew,Oconnell,28,a0432a117e215d17c207bac4c41314686aa7c0227f5a9b4adb6b3e237288512e
Mary,Jones,78,5657971d41196867da9716a1f12963d13f16cae775278e8584d0e259517ddbd6
Brian,Hays,27,a71d457ce79a6b0c3e2f6d5bdb4cfedc941281971342fbd3c7a045c60db487ea
Gordon,Patrick,58,590c6c5720fd7e050dec5341cad609f11e5c18cfa6204bdffd6a3e1d725f2fce
Kenneth,Owens,61,057757a106ca543e89fc4f52f86cd6b52d2cb8cbdb81a7f9df37eb24f4b26a0c
Karen,Roberson,25,3967a50fc938d6ada194d32f38d4d793ce388c082858fb8e4e7bee59fa0402cb
William,Williams,61,4fe22a18ac05501373b380cb4549d56a2610089e2d1a4e75469f698a669bff61
Elizabeth,Fitzpatrick,36,c273afb3474d076b4140b856ce02958cf103cc109d255ac5d65a6eeba3bf1155
Christopher,Torres,68,0553c9144745414f844fe451abf14910aabd49c18b7fb6a51446f9dcb1a25d50
David,Hooper,83,3ec5f101c756304836eb918fabb402306187f053ebb0c14357e32dbed28a3f39
Jennifer,Reed,64,ce7f42205699aa9df3fb23b8bc2063fe47b1bb2a4aeb6305b3109def5d9a50e5
Wayne,Kramer,24,ea62162632a58a41a086270d79711aa088f17f8e8769064b3d7209ba67323ec3
Martin,Parker,69,bfe92eb11ab90dda305cd855a3adc87fe0590c99c961a67e74e4aaef0e046470
Kelly,Barrett,71,5a31317e0b5b973cb5e58031f3de84f11101aa002132b58ab4e8b53062ed81bc
Morgan,Christensen,85,f3e70f55812b3810a4f1caefb5f5ee503d2d674904bf1de29fae51028849df55
Michael,Patterson,68,c87c03321bc99a1719dd128f0dfad4ad9c4a1b660ec05f881e89548bd522d0b3
Paul,Sanders,54,7936012034e86afdb35a58e76210569465171be1ebc94de64615c0338652a62c
Joseph,Martin,84,7f2c3968879a17c0831518cd1049ff75fc6021987c4af38d0efc59bed408b855
Stephen,Hayden,62,985b6202845630af9070a7899817b578a3e9dd2fa1fe7ac6a8e95383db4ce690
Natalie,Sims,38,7f14d5d82f70b67d603d699b1c6f75d1c7b76fb7865eb4197aa7d0a4a64428ba
Deanna,Robinson,47,059c7f71b6acf7290c94d33637ecb5f9b201e46e13f981b963b417580c50131d
Mary,Riley,57,cba3821448baccd30fa982e6cfe000041f85de8576cf9198c769b621cc7f5db2
Jessica,Edwards,64,3536a73fd628150e2113552edd7b5b99bddce24c9ca88b6919e899c72ce66641
Seth,Hernandez,46,9a95b1d194512943c79c1d19283ffaea99371effaf65d5100ac0d59b0b0de82a
Nicole,Martinez,67,385f06295628b2de6ca7e200d2697d99caf8e536fcdaea56b4a584381459fb6b
Michael,Grant,51,8b671814a0fbfb33b50bfe633f26c4d94b781412ce6912b8db5feff9c44c0b4a
Kirsten,Elliott,46,6354d841cbe87a6c9a89a4c3439d69808578bc43a9074fbdf6222b8fd186b0a2
Matthew,Williams,43,761a35f0afe17527b6ddafa1f8703ce1a9cc434e605bdda4885e816ff8a35489
Brandon,Young,48,897ed32bc96aef343cee7808c15524e6a130b64bcc0f5dc5d4f2c7af9fb2a605
David,Aguirre,37,de06f13fafd36df8828e09931e0cc56239598f163c7eea9db39aa55777aae5d2
Mitchell,Miller,52,215be134369de14ff76e00382817ae3fe3f8be15058d8c44c910214a0e8f9cc9
Michelle,Jacobs,45,c85e27766fce4734006449bc5d1f0fcb51647b14f2f44d11184bf97cbd973925
Charles,Cook,50,f9ae73bc0323994236197f27b79b8b0e0231360c692078d7dabb2f5c86003167
Alyssa,Martinez,25,f62946ba1858fdbda9aa1e3fcfb9ff8bdf08adba09fffa320a73e2a942aa2df4
Gail,Bonilla,38,9891b426295481f15ab1eea6454c771150cf96b4001e51620297d7637c18f519
Nicholas,Thompson,24,ba53d2ef1a44c1acfa1f5a3a0b6f316359b09d21127ae46691418b452f1624f4
Anthony,Daugherty,82,64478c29bc4ed4bb74d018a1ffa93ef3027851b718f646c989bd923e941e140e
Jennifer,Mendoza,31,e25863651a6e0f3ea028fa5faf54668a20c6fabff72f722a1f5de5b6657ec809
Mary,Cherry,35,667bdd966112f7bd0a7d244db2a64679232a9b78caa264490d0a5af18d258d1d
Caitlin,King,61,6ec1a6dadf5ef9633bf45d71e1a106c7bafbc5a5cefd0b5461f76a20fe9a9772
Vickie,Mitchell,24,3674e7da027cb3d485e0660eef1bee10b3d548d1713917e1ad8df33c26c539c3
Kimberly,Rios,41,3268ef6d1f3475f288b5d129de9272bd1e63eda93b3fc22790395c380d06f13d
Larry,Bean,45,4bf87a280b8fe25d461b5b3909191b2dce355dcf0d6dcd603fb906d06468f506
Amy,Woods,47,e1dc97eeb3696b0edf7abb88123fe7a438b9b48a7316851d3e94042feff7b322
Oscar,Sharp,36,84a73d1cc301341e5b75e5f59e3821ba9d88479301893ccfa1d31490fd158ce8
Leslie,Smith,49,ae9e07f97a0e9df32c19072a0c745ebc9d0dda7394a2a4b18b5e3d4fee23104c
Sandy,Mckay,40,5ca09c22c12d591d0eee0fdc44a1bcc53158edbd2015e56fbcce3e9f78e0e164
Whitney,Flowers,21,5f6096443465e4be4e91e7ce48aa4213dba1d9de70a0b1313402c299bbfc66b4
Kelly,Mcintosh,39,873703a8e4dc98aea3af5616ab3fe150b8928bdcc394ab6e13d515e7999aa96f
Ross,Harris,23,595a35f33c2f54d374c69dffa6cc26e98fe04378209cecf8f05857eb6f8e320f
Stacy,Young,59,f87f2de23d06b922fb3a3ce4e6511cfdd7a3a1f7c8808a0e89b808cb5dcfefd2
Carrie,Allen,46,005f83a3b13ad140939eac64578a90275fb7bb6978bba682921ee543465c7bdb
Laura,Whitaker,63,6e7e6f6f014797066e9d1e720fe60a86fd5c401c7646df68659c14d05d05aec7
Matthew,Bryan,47,59bab89ad669ae094258028b3bce81c122f0900be94c7be9431f898ef96567f8
Madison,Aguilar,50,80ad6ce015fc7b760ad29c3208402db5ef855802e3f53360e2d38ad6f12813f6
Adam,Dillon,36,bc055ec1e9bc9d1acdaa4ed4fc4ca01144db60736ea434ddc2ebf83346524c2a
James,Reed,68,b406625a0f3502831f50313a61cdd0bb6de99ead4e5adc5e0a773efa9f7c94a4
Christopher,Lee,83,852a917a022391491d89366f6dc16669bfd9d0ea04d3a183298c07de33d2db1b
Austin,Stewart,78,f555e221766d13c8fee614d7032b7dd45dbe80f14e351faa01b96f85c3ab6c62
Steven,Barton,45,4d445de4156370b7dd749d1b7eae1bc75311dc3bebefe1e849fdc73851d85618
Suzanne,Howe,74,011cfa061b1cc62e4cdf9f1181135878550a79386942d7de214bb204c358144e
Andrea,Wood,74,f64d8f8396f191ec3faf5942c6052cd4e7acf8837394fe5e674845fc6cd3270a
Nancy,Allen,19,d7af11cc9c63c8b34848d3761906fa5b5587cca7da46e1dc234e166b205c5246
Angel,Steele,20,5b25c50cf8786c8faa96eb3ee9269323a7df0c9f65b859feba7829be47a7f26d
David,Alvarez,62,997d2a224ef19287bc681bf2f4d03fe61d196dbba3d387f760f96234a0fa0b77
Dave,Arnold,49,b50cf6ef557f5cd90bb13abe24373be98fe13a92d6b6a8b02d231e080ed996bb
Barbara,Davis,67,b419b4766861234e1e179a3065d9c63aac43e447fd1f23476305b373e1f8e29d
Krystal,Yang,42,00f019709f4f294ae8cf799ccf5ab4e80cc0b016c5fd2ee50a0e44a1820ad95b
Robert,Greene,55,2edf0d4991e0984d5a35bcc8bc97bbeaeb61c0b80b131bb0a67d39b161b8074d
Angela,Richards,70,8c988c82814b23bf27623c8fae5493ac513eac37c8ebd8a1a79248bd4d3d6de4
Ryan,Moss,66,168736906d66a127f36954e6525973067508e23394960bac22cdc1bcc8d129a5
Taylor,Coleman,25,1d0242531441fc08d67a6c8533013ea93ce6ea90c288196af0b6a3c1e8051a7a
Jennifer,Maxwell,60,fa8b5d93c9ab6251341b337e860665ac53d0fc6f7bb7673e3500625235c2bc65
Joy,Sullivan,80,1e4d9139d4d135b243692dbe105de44de296e4f5f53ce6a8966ded6fb5837c2d
Amanda,Smith,80,41a399f203caddb64fa472a726cea51accdd0c3b899c6737e42d9df33c79441e
Kimberly,Colon,60,5ff8589d19ecec87fb9c5590e3b460d0dec29b4309d714fa04884ee2e643ab8c
Linda,Payne,63,4f59cceced2d46a5241b754baae6661de3ad6fd28fefc6c0e5b140f4eb1b34d2
Nancy,Huff,61,4999f6dbb963c484aaa61a21db23f5153f2b9e0ba0c54a5f43ad7de93d2e049c
Collin,Sandoval,39,0273cd59d6be9c12ce093ddea623edb38e4997c62f11135273abb78e06038403
Rachel,Reyes,77,fd473def9e5f616f76ec9b41e29a3786fa3cc1a3ecdc6752fa2612ab4d8a76a2
Jenny,Snyder,38,5aeb55517a38484430973a4fb6d73ef4a76ac821b8b96947c059f1aebb07dd0a
Steven,Hall,67,091e7b4cfcff83ade5d509d11fc27a484747fd402ca7956df8dd79e66edb339a
Jennifer,Santos,52,aa44fccfd01915d8bc3452a7b1e679c15aaac61b3a68026efdce20260998c862
Jeremy,Chambers,32,637eac9fad573c1bd6f5415a56a63ee64ddf8c859b0cd505bf098f2c0b72d18a
Stephanie,Smith,25,349d40f697c6f62c99484b707f8c35c0be57f99cc8b45918376e0494cdb2d1fd
Julie,Bradley,19,3738e17c2cffbf80f346915484167094843c6dd9b98640cd535e3916ad6d4e1a
Lisa,Mcdonald,61,457b8f6f4a9077d5017cd14d5746739ed90f1bcb1c1b6ea4850d02c6eb032437
Mary,Wilson,59,023a565a6e57d1316d9c2b01d83ac6ff3486ffc881d25448da74083201a9b688
Ashley,Oliver,83,d18271df4e482d7ceca3804c9eaae00c9444c5ca1d50e62de66e58583bed4089
Crystal,Schneider,80,894b32c09b72e04614512b4c8bbff58169498e587024f877a2da56c832787dcb
David,Brooks,82,fcee494e9cbfae0ef143f9c90aa8e27474cbdf3339f605e0b3806d85c91e63a3
Ronald,Curtis,83,ca8a5c12d31046ed6abecc9d22a35e222347691eeb410da7502c73850553f3ea
Jesse,Moran,75,400d5147b9c1962a6165f851a78c21bff3af0365784bc06d6df97e129b1930fa
Sandra,Thomas,26,0e3d71fd44ea4f656eb13fd024b98bbf3230d58477cb730c831cc4aaf2e3e5e9
Jennifer,Bailey,19,afb75edc46e8d00b20471859536ad3252054b59bd8dbd1147797d584f74dd0f1
Jasmine,Gallagher,21,a1c2da96493c7d900f5cb5d4a08c6999f2379dcfee73fac5d0fd7fc26aaf97c7
Harold,Gordon,72,b4f649028677630dee9c7c538275ccbe5beee6fbc3fc06d06def79150d4dc229
Dr.,Charles,71,f27903899461eb66e1326f9edb92bfd9740b82034201673de272adf0f940c8ed
Michael,Moses,65,653c9aac59121717b689673f3593cbc66b8e18799ad75e45b4b58a5a67bf0e75
Daniel,Martin,47,c0530520d62245bc0bf28b3469db4af84f634c0fb857d6b53b0943972c4e428e
William,Werner,65,89160cbbfe7ed165e7c3fd937cdf175a67ebff31a2ee835559a5ba496e914688
Patrick,Garcia,54,01dd744176ae4bb6c8e44571383e7fc33c5d0b2ea7b60be823752a54f4f1e67d
Brittany,Hughes,50,0494e316eab7862c1a01771c585245a3f5078956fbaea676db3c5744d40f298d
Dennis,Boyer,47,3e3679ae99a10968112c1a3bb5ef12c9c9fd227c5720d24617e3960a0bf8402a
Jonathan,Frost,77,ade0360528cee6ee55d946a399ea3ab1e8f25aba56b2fce9551be72792c02a23
Andrew,Avery,74,94609b3c38dfe4ad1a70e008da879feff2b7e6b75f46189edd06ba8c9ffe3067
Robert,Graves,70,32530bd5d7a0aa583cc8063f96280e90a9d4eda5cd7cdf466e6fbd3044d47900
Walter,Jones,56,e924f5d839e0b6962427b53a5c29c583562b0d083b1517ef690c782729f39af2
Carmen,Martinez,56,2d39262ee57911086dd1f527753f557c11286a6d728540ddacf505b6554d9cc9
David,Hickman,56,a609edc7bfb84e389590beb5fff91179b93c07ffdd911408b08c6786e4339cdf
Jennifer,Orozco,48,5d27068e1c7dfc3b15753febddce2cdd9b134fc935274892ac15281b991680f5
Angela,Campbell,35,60d7444027a1c798fc55910e26c58d7ad905abfbc664c1a22f8d5ab3e4a514d1
Margaret,Hamilton,60,a8a1d261928ee7f9dfb6f8db6c0a1f8731ad800afad47c18571acf1ee72535df
Nichole,Gilbert,82,4ec55e875b2bcafa938331ffc3aad4f10cd70a205328fb399e7d0240dd52087f
Brandon,Wright,76,867a28d3ecef2345cd8d2cab560d36f346ab197fe8e1eaedb1a654d34da34e27
Robert,Gardner,33,4e171ae0bf7b53bc9415145bb439fb078c4457cacd067b05a0e0ce75045f2e3a
Hannah,Frey,26,d6c247b07759344335d77b6a8c657220b633440c428f38ea8a3001ba22c4d78f
Jaime,Clark,23,e0f3838db54a79336712b4acc6882d01c59ba0c8fd0bdc54a9af5ace059b1080
Nicholas,Brooks,31,11fccdc468673488b563a5d3c241797841d3deeb12cac897f2536b3ed8cf9cca
Jon,Pearson,42,bd9323ec3e121db84c3ae57dd46059ef2d37b01c908cb5e434d974dbe7031ab0
Cameron,Lowery,36,a7f898515587cbfa1ea5df040f2c1f18df14a24b43fc53f5a03192b39cdccd48
Ashley,Davis,63,e5931d22be92bd323bf387439aa224127826e51c4b49fe7115b12b898782e55c
Lindsay,Phillips,36,d6160e79ffa827ee8d372acb6013b033f3765ecb862ec01b1230ccea3ca9388c
Mary,Rivers,54,4db017e138ea8019491764d89a3581ef4916ef822b5ab81094eb34017068cd61
Cassandra,Stewart,24,588ce900d64c056563741a459339b8ccb1a867f0ef2e96d001a9afa8633279f1
Kathryn,Thompson,82,76f6e32aabd73df8411657b55779346f44980738e9f55ffbde583f287f46551c
Edwin,Lee,62,ea3c4f0ac2fb6cddcfe4c2efb754ef0b508231f2e426d6606650d91965f88f5d
Richard,Romero,28,d94f17a3685601a48ad89289459e3298bbe3b2ae77fef9f06070abaa44fa3fed
Cynthia,Adams,80,07cd166402d502674b7e0bb22acb655a31a25c0418f723eb6351be9a2163d6a0
Howard,Clarke,56,0cc8be9519a6d656e3fb64c29c84639e9cd8ca357ed84d3cdbfbfd0812717b11
Gregory,White,69,a4c5564a385725fa1aefb215ac74c5827609f8bb654240d6b6b019c306cb2e8f
Bethany,Dunn,27,97d7573557f4a9d254450c6cca384f6abb8477fcc35b832f4010daf9ad6353f1
Shawn,Farley,80,a7716811b3addd085578f25ed3b435d09bcf1e4cd0cb342e8ca849bb9935255b
Erin,Fisher,28,e2feed8222528c2397577c42b77c11188526db646d8c0630a88ff34579abc7e4
Amanda,Parker,49,294b536188d43154457c0bcf676e410d5f1ee8f29f667ba77fc685c1e5b16e76
Scott,Ochoa,61,3725343c969964cf097d787fa8bed95390b26eb3f095d24000d4d76dc541b564
Calvin,Wheeler,53,1f998d232350e73fd2535b5db985df36cfd9cb0c20434373758449cb7c6dfaed
Jeffrey,Conner,34,48d2be5a57347a72f951c0cb6166797fde668c796923199e3951a99866532729
Betty,Burns,40,7c364f9dc72985bf24544d5fac3f698bb2bff274d5ec8788d97c2f7409ec5d6d
Stephanie,Williams,31,163170ba6e6e11d11496de33f43e96ebc4cee4cc6693973be70a2401a11d9a2b
Karen,Adams,44,706066b8e24482a3c92a151af290265c241699da0114eb0fd6a294e6e9eea465
Adrian,Hernandez,27,757b4ef3185875a66ac684808bdb17f73ce4ec572476d89d7800fbb57e667007
Renee,Banks,37,2110f22da959fdc4b8cd42aaa83a991a8a5b8bab610670a2605df73392382f63
Scott,Fields,67,6b3936d6da075f5cbfdb6ffb741276f2cd731a955f260ef91c159bf5c7b3168e
Jennifer,Brown,78,510db743d69a9c1d92d2500f407fd37c1c00609d07cfc2fcafe5817b00a210de
Tyler,Barker,68,bf3db386192b33ad562c953e007b2188ba976dcc1aef9cbe461c30434b32b46b
Cassandra,Reyes,47,8271a14f0886b33d8c01027f81e1dfee12f9403719471f733fb992347422d02a
Mark,Webb,50,9b60e16a0617b28bb0f4162e7e3242f069274ab9278f4310a785924f3e972195
Brett,Shepherd,50,00bf589aee7cdab79105693a33a8b364f75943d46a321b5639534318ecfa148d
Sherri,Lamb,34,d696f1ef2bd39a33792917c8dedde42c649bae771f54420a3a5c90ffd382e3c8
Glen,Cole,62,02f9907311896085ab8a7f421aa3184b76880162cf2fe0b1c9508527596c3482
Rose,Gordon,31,4b86c3905019a288d602772807ca1888ae0c7dd141033e91eabc146e3cffd8de
Mary,Stewart,62,7d01efa7a6c3d22b5bddac8069f2dbdd37baf4261809daa23c333499ac75e11d
Jordan,Cruz,66,35eb85cdd09f6d1151218af1e708d9a7c0b969811f562184115d61cbbf140a72
Cristina,Stevens,82,7127c3f9b81305ad18d7dead1f3ba16da2ebea22c5e5c2af0bb5dc05b54e2864
Jennifer,Juarez,29,6881fe65f18320178c28d31c689b13c2e6857e83f2eca77d25bfa2843e059648
Elizabeth,Bowman,55,7ee509f2261b58f4cfd0d0158c31dbbedb6660b073c263b958fce663a3d947ba
Charles,Cherry,47,d8c031847851b1983a3a44fb291ce0541289526a158a4f21e904bf5205b7b741
Edward,York,82,882b3be3fc511a4c2937235ddc72930788a00097b1ccf9817b4405c992edaee0
James,Tran,52,ff8c532d3bd963afe4dde8fcb97480d59f367f35aa1fb937dbaab67dd3cd5c2e
David,Greene,45,9dc7ac2b54324c6aea8383c8b8aef5ee8fa910388eed2f529bac459f30ace161
Matthew,Fox,66,05d29b95afc6f0fbefe5985442d02758bd86819fd4d19cbcf81d4246478c78a4
Jamie,Nelson,25,118b6edb656f1bcb4139709526119802089bb00c459f98ba848f873437151dfc
Michael,Morris,38,93306f9b26de7b31c809d27af5acbcba4cde64de83a65e7eb112f7a345f8fe7c
Vincent,Thomas,52,54c21c4501a692eb6dfb2e9a13afb72970585fec86d3011ff22fb60a039946ba
John,Huynh,72,8cfd1f224f49103c1601ba68b6e727bba63e9a221848554573482e986cbea1c2
Karen,Hooper,20,ff431f3c1d5f30e4e6d1caa84322d9208225fc9ede1a48010a954cb6af5bf98a
Steven,Smith,34,9fe91e52f1005f5a66115ab57388654e57fb5f1cb4298072783067ad26df584e
Kevin,Hicks,51,df745bf5e1c5338993cb000ad7718d16df3e6ee02eea9ec5d673ac5e05e82a94
Jeffery,Gregory,33,3733a40f384486716b5a9ba4076e7d3904aaa3785a9eb664aa7ef13ff94946a0
Robert,Davis,63,a7891a989abf34991d682f36981bf13e32f75a1b492ca6e8dd6ccd78d7d96506
Michael,Mills,39,1428bd2f48816212b376c5810e2a28d9dae903f0fc0b93c24c1ebf379881b018
Marie,Scott,35,56f2fef0a7675033a312d0534ce9505878e2a030cec8e621b7909cdc796e66c3
Christopher,Scott,28,f4725b78670c0185dc00ff4a8cf7679894e6ffb9f0da09cce267d6777d076ec7
Stephanie,Giles,36,5ae2d37f3aba49e00c6a945bc171106db48f269bcab4bb8c7a0adaa9759e8b81
Kyle,Lee,77,82f55d8c1b86b47fe03bb560144c2a3035cb1fa1f254672e972db54d5e6c6eea
Cheryl,Smith,53,1813a3df583b2efbad2cf206140aee7435e34b6075d5c314857fa51d16f77b21
Gregory,Arnold,71,ea22adce98d3a8c657037e47e06ce98300aceee44ffd3f152018f45373d84062
Jonathan,Mccoy,33,152a8a41c66210536aa391aa10ed67211ae5b45fbb18c049a07c3d5eb24d1bbd
Megan,Smith,27,0e79b387598ec9dacc9dab55a30075fee0c119a952a3b6633b2fd1d4b9459af3
Brianna,Jones,62,ff3591569840fefec2df620949a870d6b846ce1916f655ba33ff79f84ee80a8c
Jennifer,Alvarado,48,be60a51f85f0765c32d663b462e46ce8498d8e390870c33acef6044c4c3307f1
Alison,Livingston,85,c28b88f3b90121736755e264a204f802e5cd45cb6590ea58ceaa65f3a645a7d3
Tiffany,Stone,41,66bc631891b1415486fcc3f5ccb4fd02ea1a4d4fcf050ff9453db1ee14a1e5ec
Brittany,Brown,82,047776da30e82c7638ced663e4f45325d2b1ec4f3869361c09aefb321de4d379
Tonya,Clark,59,5164c5701c4a7f3ace43124294e56a36cd8923168af799a85d1b97adab496469
James,Adams,76,099879c38d87a299eebb1ef41ede4faf567f147dff6c81b4406add2f7854d248
Jennifer,Glover,31,7ea0a1beed1eba9b948e3a2f65d4fc3436266ef95ab68d86e6f14604f5b9ae6e
Susan,Rosales,42,82b217f0e135c668b7d4140d76e896962c4db9822a24c78b20c5047fe55db369
Samuel,Richards,57,f015588244525f28ba13ca23faf9dbffa86c60d90274868b2e7cc921310838e1
Lori,Kerr,68,0708d08bad4ecff881f7288bb70d082d46c4cb43f7fb578719ea7e0acff10fb8
Amanda,Golden,79,9f5ba41a4f5505c194cbb092067c67dcf43a0961a800d502e4cc7bcd28736ec8
Aaron,Mendez,47,92247be89171881ad602909262397d1f2476fdacab28b06bf060018dd86ec39a
Alan,Zimmerman,32,c879e14edc3051173a76e84f9531aea6c6e5b7396b133936dc4036146e033722
Shawna,Bennett,35,8780333c4b7d60fa70f98db234558808e080c5f509c4f0b6eda75656fd167e9f
Earl,Pearson,73,8fbd214506f1834649683eb4d2dd2bbbbbbc8c20ef982984bb6cb977b6c6919e
Amanda,Green,67,b312684ace90022b48f0df96fd682c6a24e7fbc4cc80458ea1809bd6addf2e7b
Lisa,Hughes,71,db3612bb8237e500074c9d3398c4a8e3fe26319b79ca7284226ef8640696238e
Donald,Hicks,62,707d03966922c3feb7b73162eff657e92386bf4ae2148eb3c4133a73fe8fbed5
Matthew,Willis,65,a01ec03ecf1c812267713b8edfc9c457a5cff6f19944f5f95fe9681e0b680a1c
Frederick,Macias,83,d72cfae50fdff07a566f5abd8bb339f9668b24378999b2fd5ea3c2db5f7f2437
Julie,Brady,36,63a744ade2fcb800fc1aab5df3dc33f9484d5f66df8b92d85fefe83be1ffbd6e
Elizabeth,Cooper,55,42cdf2562df05ee322390cfc25df12861551c6ce5b7d15fe473c9c340569e450
Regina,Castillo,67,4f3eacb247ee86a6321cbbc47a94299507dd3c63e733b318f0f8479bb333fbbd
Jamie,Levine,30,a29b54d2baf8dc066470ed1eaf64cc350e00616f3550f4150ccd8b27237bf028
David,Kelly,22,c034fc367d787ca6660a70ed320a4999fcab5cd34ba58665c449c1dfecb7f0b4
Todd,Adams,43,2d70dc39966c3c4eaf2b23ceceb52138c842acf282b4b85ca162239313541dce
Michael,Smith,84,eba054539f7154be54a3a3a38694f513512168c976c782526361bcd8d945dc6f
Omar,Atkins,33,50c389a441365223b6c0f8309f6f77529beaefc654e810bcee5ac8fbbbd42e8d
Juan,Savage,80,f90ecc5a4d8d147a481c5db62629f6d0a87f24a2b3e4eff2ec84443aa8778b07
Scott,Jones,73,0261f132a2624af7815bd7ee4e73697111880acbd28b35267a556bf3875fa9c2
Lisa,Warren,27,900b0488c04be10f5e2aee31a7cbe23f51a908893cabccd4746794437249b0e6
Brandy,Bender,26,5515d649092793ca1718f4fd86fb941654c43058bb713698063c84d9b94ea6d7
Jason,Park,80,bda3e17a1371d88865629a3218f9c808e0fe759cc27e24945f97cc81a12bc852
Raymond,Rodriguez,72,d665dd4e6e14db3345c90f9281b34eda6e9a807c5bd2aa168640f3db6111f086
Renee,Young,61,4f21dd67b2bde0e2ce6dbba2bb302a138b3e818f04a9c4c35c1946022892eb3b
Sharon,Miranda,74,15c4b65e975bb54d5d6c460d8082235a90f9134ba8d8d00539a3b7f823705ad3
Makayla,Blackburn,59,8e03d34c1a3be04cf3ee4b41900191d45498269c3ec255cde321427d838a151a
Samantha,Bird,77,1049d040c6ab92b33420bb23eaba8fdc9e808d0077a37c7cecac15b24b201494
Christina,Phillips,43,26d451d52f46dd171bb364c1d39b44eecf1c0dc1d2527cfa05e7d28c9d0d2d78
Charles,Allen,72,287d03f3421cd61a4e8e8cb2aeef1b3c411fe9830cde36bc68086dca00344aa0
Kimberly,White,36,349d1657d671844470e2d1acbb5a30b8a13fee68dde137f9f94d25d5f0d10c5a
Annette,Maddox,64,f91761557706fcdf93942ef0f4f4d9b17d668fcb78e6f738022ba555df8ac6ee
Amy,Anderson,21,c9e7d71b0da443097b77e98b9a43be98d21ebc6836c38a3f814e5275fd45119e
Richard,Calhoun,31,5064f96c5897f8b15a81750df01169f5e950b84b2767d37fcad568a8c1a81bf8
Tracy,Huff,65,c28eaec8f79b189e6092547bbf7c0917716032dc026b1ed493440606daef0c00
Rebecca,Glass,84,9222b69bc80249b3cd8085cc8f76f5b9664777bff4755ef5060f4b7dc16bde69
Maria,Davis,81,083abf822a344751272da41cf3fc3c7786941d0073d7e7560a2c3bae2032c234
Amanda,Monroe,36,266bd2328dd39bf39a209b7210641f7bdc18a1b5ab99df70379468a731c8185a
Roger,White,58,a7cc395192bdfce3530063684005c8f606b9f0be3f1d8a6f243722962133bbe7
Adam,Wilson,31,f3963a206db83f290140f2e9e1502350b543534f08d6d164256c73bf9ea44a4c
Jared,Clark,52,08a68db5b8fc64e7847a2bc9da82096765123576d99fabef1e5abe18602e20d5
Suzanne,Cisneros,58,1cf49500348df0d8a26144986cf54b19afee0e90272ae7987b6563401e2a4ca4
Abigail,Johnson,25,7617076717696286e34a56c65ac4088dd45c6acbfb236765e95ec72cd0517b3c
Robert,Lozano,29,a3eb1318d64c61172f6b40cf07102425f75ec9638e52924b3d50c3ea586c6521
Michael,Patel,61,2f7cebbcd2b93f2ba985b300f05590f0dac0a2ae7ca6acdba6a3264fd7e35a2f
Laura,Warner,62,5c50afcef1aa45efd68ee675a8613fcf9b7f7e4bbf5e82cee1975fd58e10670e
Alyssa,Kim,19,c97f1b3bdc0e481041ea5b98094b9db121e5167b1b0c19f1703c86ead1415be2
Angela,Cunningham,75,81d2b692f5b25abbab3ec6b8680faec197d0840f5d35826353fbf0bd45a07985
Ryan,Vaughan,55,c6a5776b8dc1deaba5cfd886ad37d5e3f11b7129aafd26900a95b3e48445df0e
Philip,Patterson,85,6d51d17dd4fdb62d5d108ebefc6c3cc8894f50f5a17c92b74eff5aff8f43e552
Eric,Frazier,61,cff9cbb4ed2afe931846a99558ad6c71746089cb1caa643f888f537a68d92309
Ethan,Jensen,24,de6dac4d90ce89eda1c8c40553b28fa1a794d1d0e275f0cb23bfd83a317725be
Benjamin,Little,67,5b80b8e115d98cd5e8a7eadc7a2a770768c54c46c94747d0e9ee31382da34261
Maria,Pittman,27,12cbcb225cf27c378f677c6625bb9b16037aeb13d4a030a365a7d7912b9daddc
Sara,Williams,40,f50a7a7b315166e2891e4194457d4508b6153da88c614adb73b6d6701308bcf2
Kathleen,Torres,42,1c18eec072d20c5f97b76b46ea11ec9e4d11f03a529609edc87aa63b517b8ddc
Bonnie,Wagner,21,d5269927bf14c11f3a7d3011a498f06b3b7ba6cc0ab61fdedc0cfda5c72c6a91
Fred,Love,35,ebdfce262b2c01bf77e8b549d899328aa1d1bfdc2761b6e46f6588710c5faa69
Michelle,Gonzalez,46,06a0f8ce0c9d18938d3f6a0b4329d32c57b643a111756d42fb1bae2f545db42c
James,Coffey,52,320b097c00b6f9c2dd8f9a2b497943f22e1d6bce1c14b6a665b13c2388e7da89
Kathleen,Gonzalez,40,5a4b7fe648bb898242fcc3492d1e873ec7ec2d1e7ad8d830c8a1e5011ec46853
Vincent,Reyes,77,9bad5a73428d711706ab2cfcb6b4dac7ff4351669c3ea4017bed7d8e5784173a
Brendan,Robbins,28,12f1b2047d523ae00ab71b5339aa71b466bc846c96199fa9f767b48f30ac3656
David,Forbes,72,940d27dd440536584f6f1dc886867c1ee2d566b551e14537af1bd03309f96894
Cameron,Williams,59,315499d663a4b95f4de9e6def72938bbc60503cc6b3e133188c001e069b8cd9b
Jose,Estes,49,55f6f60dc8118b62feca2a0136f6af06349c581773158b66705cc11dbd876744
Jared,Taylor,52,96e9cbaa815c17fa89da83ee5df15606c81bde4f363bad9f5eda03f493e3096c
Christopher,Carroll,80,1828335ab646f0c6cfecf5fc88acad3b2b4b70802278cca790a25f2a6564fd9c
John,Kline,22,15181d4fdc106ce290aec62c5c259f028be48abbcb3bed6988f2bd3950c67434
Mark,Baker,85,e99c88c3036be985e675410ef174c650d82fc357c3dd05f87815fd27e841bfcf
Kyle,Martinez,54,46aa5cb7ffe7a77d47c5d5e0d3b151c3e1a159dedf3b95ef4c2abc628a9788d3
Vanessa,Young,43,0e4bd3993334a116232244d0bcaabe5f313c3dd1d33dbc220f34696764e1ef3b
Linda,Mercado,84,c0406c1b8937f6a44a2b50828b65658e8fba740a83af2ced944510ed031c7af4
Kendra,Clark,55,47803fbf2d1a83781da0000a01ed170ebc8c543afa4860cadb5347bb7fa5c337
Crystal,Singleton,55,b9479ad245be7bd57ce3df5e7c5f3837a5653fe47960d38b9e548eb19fb56314
Heidi,Fowler,28,32837cd116aec76229958c87d333c75de8ae91441d35b63f0ed7a0427f270b4b
Justin,Johnson,56,acf820f7c6f8b48cd02946b2740b281667b0c1f7bb54fff5fc1db85b1ab49c5c
Paul,Roman,30,115df624035902de7414f22180c1628d65c6e06f7beef11791633d3df905cabc
Zachary,Booker,44,a007d75b1b44c59dbd67a4ce005434be8419beb16361f44dedd87eb56c3bfdd6
Jacqueline,Brown,59,f8af546412a8d9d12f03058eed6425bf562042384c10280956668496c718ae92
Diane,Alvarez,49,6761fc077bf7301bc366499d4fdeccc5d9e5689a9d60b68107e88eeae732e3b7
Phillip,Jenkins,27,f7aabb6614f5f30a51eaebe1d281ced7439fc313ae1e13c6b998aac49d9342d0
Michael,Hernandez,49,4991d54ea6a919cc134e0034c436af2ca6292f90e45356c1edf01ccc16fc204e
Julie,Sullivan,59,68ad537d3388146a6e4d226aec552d020e5a41b39d3e33fee7717c6a1426fd58
Kimberly,Rush,57,5e7de387d1ed365e95fae20cf56f7cdb2c6270af086a4ccf2176d703d0b1e178
Dustin,Parsons,54,dbcc5272a2bce6556a7afb18a7dad66841ac76964ad09f12a9097a746f7700b7
Amanda,Powell,66,3a681b241162bc105240958d4c11a21057b0c474da076ab216033bd4446c88fb
Elizabeth,Watson,46,2a85c706471437282877c9e84a3399b0c4c132f26cc8787b279b8a6834a61dae
Kyle,Harris,46,fa9d92fd938e995a43e028b17e1b0e01ece54ca1ae88ceb7df399a28539e59cc
Michael,Tapia,29,6b3b6f63f0daa3c1f1d3d492b593733d083b792484c2220f1b37ee4b01eeeb6b
Troy,Cannon,40,2073a915ce33140fb4d8b61bf93279727d06af4362bd2eea137bb3e30f0f314b
Michael,Calhoun,82,41c3bc3af0111dfc5df4810e9b5a5c8b8e6eaeee3553c6d62e8b629f4b7627c1
Elizabeth,Miller,83,f8d7d5c13a038e02cff8edda9c62d37d6570b44de55bd49b76d98a771f9c2d09
Dalton,Beard,54,a52c76ace0f7208203c743e0f347ff4e902af5388f6eaea47b0991f04fc4b509
John,Cantrell,81,f7c35f49f8357454f43326902542f98a454aa4fd2f89a6cfc6d82a854033c37e
Katherine,Bryant,59,3621ef97fa94559f84ae89963493fdb2b027012f9ff989c091fdd32cc37ef45f
Jeff,Pennington,34,480335baa8b860f201f1fea4dd176190b9717d729608e28dd984c0879bb36743
Sean,Nguyen,80,ec3914d13b9b4a3c5673d770bb730b68058879dde8c01a4036e6faa44b103a0b
Sean,Smith,64,3743e701172bd65c59c248e7161df21e09680e8fdb80cef8d3463b088104b35e
Connie,Browning,38,5b5974512349cef171d2e9a4c9fc9371a029ba75b93623edc916680aac77b067
Stacey,Gregory,68,4906f0108ead734a96feb018aa60b3270550ab154ce066f3799f19762002c915
Timothy,Jones,25,b17fac1439bf294a10038d188c2c5ca8ce68480238c03a614142516e711b9ec5
Christine,Nelson,23,bc9c9d164aac603780290afacb3d6ec9335e8e81adb2577a766ca5ac72e0b32f
Tammy,Hanson,66,8df49da1c8659ec160a9d656c702423c03924568411bb8e23deabb7ebfe103fd
Christopher,Goodwin,63,d407a12028dc8a441ff03ff7b0f44ad4fbaecd009ceed2ff52a72a3094331ee0
Bailey,Taylor,27,815e501116c68037d0795ae8e4c3201bc7b4a4a73775f5e41db5d56076ab061a
Fernando,Stuart,39,57ac49ef9ccd5cde2d487e4fb570e55f2bb73d84610698177d6bff3c4df55d11
Michelle,Cooper,57,dba4eeb491f3fa2cd255ee2759cbc80e7f649bdd47e886a9a7eef03ef9267682
Krystal,Powers,36,5aa17c24698e99b74c2a2843dc42198e29aefc9543d6225610619667b7a103a7
Paula,Curtis,60,681de5427ca5acc3e13ae7f977604ac5016d1313e8dd4c96e4765598d8af9756
Billy,Green,24,dba00b3768111a68a7dc6d4f6c3adce8ad6ce119fe25838fcdce8511c31d8b54
Shelby,Melendez,68,5de4fd6d60f99cdf885c431f403f6757b9b4a2d9c87b0178d78acca8b38423c0
Brandon,Sutton,28,c2f9e80d19769049d516d2775609832bed7205a3394fecf109a580814b9361eb
Anthony,Meyer,59,66009c19e9475781ce5f84f7e74c440876b7b4003c8dc22a2aa07cb8eb08aa1e
Jane,Smith,23,efb46764eda4902d97f9657a7a8aa6a417f394bd05b07fc799f59f84b3ba3b3e
Patricia,Smith,80,5bae2fc117817b9983676308b25f72468f3c7255128f8f34f90a1934e9ccccc2
Bonnie,Mcclure,70,03d2aa635abc66d4fbf9a7fca1992336a402f4d55dd92fee0d3a5a68016f78f1
Mr.,Kevin,63,3e2f6f34c12d7471ec8ededf644bbe8749c334d85e257dd56b7da6a646cb26b7
Michael,Douglas,77,41487a453b0953a2fb5eb8a66fd09494304111fa41c8fcc47f6725ae86e56a41
Katherine,Carlson,47,a0ef03c63eed1f0bfa7637d1b696b112a153d43ddb703cf53e006c421a9d0248
Jennifer,Anderson,68,d7aa04f5c12e82ab613be68667dbe510d9d6219603b4e457bc17d3ea88361104
Vickie,Gamble,70,1209cd40b1dfacb9c1ac41c659d9044fb10e724475c871635f6be3ffe5b8e7f7
Mark,Smith,36,5f6010b64a651afaf4059fc5772d7fa7086913572e4bb4ca476b8b3d33a18b91
Tiffany,Dorsey,26,a3c42635ce5a130796c8ed32eaa2ce0678163a8a33f365f1efed0db08d450c01
Alyssa,Nguyen,33,0162ba44037f136d799c6e48686779036798154b25df2b2f2ccf43cb4952884e
Sarah,Perry,41,eee1915bf43a204589666225c7e9b8e0b288c6e6d8e52627f9b097bf0a43d81f
Kaitlyn,Johnson,58,a3b98d355d83a08d37f04c0b5959cd8cb2ad19e84ed8c273d1913608e671214d
Mark,Owens,49,5e271d749499b156a877860c81bba98038b75a7786d4a0bbdbce51f2d926876a
Blake,Williams,42,95f99b1d7bf987e95d2bb297f56ebf6cabb5bda7cd4da7155f0280ef9cd4cbe0
Christina,Dominguez,53,1a434d8f8fbff393972c9f4c4dcb1f7414113d680f9cf1c2bab9051b2741db7e
Cassandra,Holt,72,de2d17e8d7782fbfb6f7ddd746954ae25dd3d5a7e6de4df429caa57f79474e48
Michele,Keller,61,40f37359e7d22e7c13407efd468f83d61935caee3bd9fa9ad9a8108459d9cd4d
Katelyn,Williams,29,0c978f5e60e00e031daa8849d65fcf72b9bc476f8d3750595ab96613abd336c4
Sandra,Haynes,28,3b8c27a98936ab29648cce71d3d2337a551c2176ffffd68bb1b37d6ea4b2244e
Terry,Robbins,46,abd95123f8c8cf2aa0ee7ae56fe69c5a683d3a5a0471f42d4c73346d8ab2e86b
Christopher,Wright,70,032c9465ded45d368a35ffd4107580c9ec595b2ed25dbe67140cf678c0106d59
Theresa,Johnson,70,2c5e4634233644e5f096c78ef839b8d73f28b46ddd4fe52b03a39c10aab5c44d
Crystal,Perez,46,8837c451850f2825071d47aed3a41d4908d9555fa07469ac36bf0b82c67a7a60
Terry,Adkins,40,f02b3eb3b5a7d754f3088f9cc80da0beb19714936068e240bc2ed20b1e61e897
Alexandra,Hardy,36,43888f75cd70b34d5225d89eaf5cf20bb7593ce595637c8dc939d981f9afe2ee
David,Smith,39,1f2c7832daacb50f9c78c69614f44f26d5f18e1e107867fa88c07518cc8269a2
Shane,Washington,47,1dab412f1819e513e896a42fd482f657aca51f08c44fef8b8c280b204de8e77a
David,Johnson,61,163a52bbcae2f5da6bf9fff9661ca18003f77b9ea9286ca373a4b68c57e11264
Natalie,Scott,49,5e9857fd2754a901cd270b2a24675d59d79595a69a6fd15a0a2bf23158ff6aa3
Justin,Wilson,62,96a4ec6ebe3dd72799a636504ef3dfcf636d7cfea3eeeae3847f9af47f74e2be
Brett,Turner,81,ec5345719213aba90e68def745063e71a4931b810dca95fa139f002a6f639f23
Gary,Hughes,39,283a82e7e94d09fb9de443914c56ccccd1ac78d213eaa776acce191c41f9fa14
Rhonda,Preston,59,372251b2ce540d638b9940b0548baff60a0f65f082efb5d92c49f4dd3842c93d
Nicole,Love,66,5b17bfe411922aef25dbaaa33fde88c582e4181e7525e45428dd27afd800827c
Anthony,Vega,19,853514638746615bec532d64eb6b3719d6e65d94884762371813bf16bd14c6e5
Amanda,Carey,47,9e6b076a75685ddabcf61016376844e6df79176de96f9391ce96c53f68e27802
Sheila,Norris,64,ec2db5c064ce788005f8035f1c027a9a62f6a833c071185305a19e0cee007b99
Stanley,Hart,63,05a114aa7cc788ab87123de5877148dacc15608bb5c6446c50a0cb9a6345d131
Angelica,Ross,67,b13b965be45f90f833ffdf1aa6d3ac2ea1058325129700528e216599685dbb8f
Alison,Whitehead,70,ae6131163ac9d9bd2d1d572506069ac32bcfa88c53b1499f6a53c7f8b36033ac
Sarah,West,57,dbea7a4824c218ab44bd1c7d1d2069c90b83553bbcc5944d45d563ca511f995f
Monica,Gonzalez,77,26ecd8907a140c1d3776eef4d8573122d09b99267f1e75fe9ed2b896a87369cc
Mark,Todd,30,dcb9c04e5a7ca8bc175c9ad7c7fe6d26dd886729e44e9763f8081d6cc36a850f
Tammie,Richard,69,4d4956d312c4316c5d0d95e7af8b6e812667bb9e005f589dc454faa4c8fe25ef
Christopher,Gonzalez,49,7581cde28147b96267661641002673c6453daecf5116ba6f59bc887bbbe82eb6
Bobby,Ray,79,c757372a9474554055938bcb98f1312c6ece41f1301c9172d7d8c8dc9f1a6ffc
Vincent,Reed,29,779efa6ccd7aaeccd36ba939182bf1e3d259c0a377dc12cce5bb43688e1d0995
Larry,Garcia,52,5a77d7300af44625122177acc72e3bc8a165b6d99e21b71d10c41e1fe6d5b1e9
Morgan,Dominguez,83,7cbb28f65ae6cd4a84c42e436e579def14b2013b43d6e1ec60ffbefdd66602b8
Dennis,Serrano,45,177c15640f81e0b6c9bf92794418f7e43cd68c4a8866792432fd19aee29d7c06
Karina,Davis,33,b3e2a7f51bcf2dc500ece32774cce547f04be14db86d6d0e69653d59abec197e
Louis,Haney,44,e975d84f76be6cdd83b40d55a3cda480d4d64ac3b66d3aa822a81b91b8b80d37
Ryan,Larson,67,27f3c10122bb6a34dab8730a3c6a4c986bed7937a16003f96f0f3ba5187da5ef
Jasmine,Kemp,67,21ed6471dd51378b5949624945ae43be77db535ae6d014059d719797ec05ea9c
Tiffany,Cunningham,73,befc89c277b3dfa978da517f3ea0a894a431f270ee4845c09c3feca0cc39c726
William,Hancock,54,08700238cbd1aa8f02f8420648c60220575df8fb26f9abc1caaf270d2c6cbc28
Kelly,Roach,48,1a6dbff62e997a855a3ddbfafe52e76280ff6173b47e7081c173b45d3a7635fc
John,Johnson,77,e0652a8c0181bc017f24c2f6de567b46b1ead3e34631085d566a0c3562faa32e
Tiffany,Sosa,36,c32f04b6bc026e5fa391ba1ca6c799ef90527bd13ed690a38b5be2fa1c87f5f0
Kim,Johnston,27,d7c97cdea66db5f2477c5b7c0d75eccb7e5cdf7050097a93f3e5fab4cd32c256
Nicholas,Campbell,25,963f1af9a5b9f9f751c2dc9a6cf0ad59f8e79441cf9717989d3a78f3fc96c02f
Jennifer,Allen,47,b8c912527dcad469d45677bed7369db6176cd2022675db2936168a300c3fbf59
Kristin,Burke,62,90a45b783a667f9f90c3912e4023183bfad89d2efd46170f2d45e98a3c1046bd
Thomas,Brown,47,39d9bb3aa6f93ff86c246d362e9671e9a3a6c2c7a1f35ad14b6cef1508653476
Jermaine,Armstrong,45,57b88bfb1a2f586edc0089e72904f63c7b7c1931e899acf3ef11878b3a060ae8
Wendy,Williams,26,958458016f3e258f59342e03c56715957e8668a8437e97d5a96b80ab3326fed8
Steven,Franco,67,1e0de666cce687f3060981407adef88bf16fb525ed92c8506984915f212ea442
Bryan,Smith,71,29a334e2db6b190c36c277a61f1c5f34443a048ec9e2946a0dccfb130d3aeeb7
Christina,Morales,33,4ea2f045faba08da55d741c42225fb79d75c5acd3ad916a5e795209577e03338
Sharon,Pierce,70,b35d95d27fc8e2038e57c97ad4682a4eb23f6085f11b7d24ef9295722ce57306
Troy,Robles,71,cd5521d86f287f7c4261ab6780745e453aaa99c1f8c0f5f493a732b4a498d8f9
Stanley,Castillo,85,c7e265b1c84e11b05fcd4e120acf8f6cb7f94497ace7116e6c918f054a213f17
Brooke,Lewis,51,1e0aab78923638058d51774497d968092e86fd3a3579464ca5228aba9c57e8bf
Blake,Tran,49,d09b01bacbe3e0eae6ecc9cb088cd2a0f07f90bf7b50175f521cda442eb388b2
David,Williams,80,646fbb24fded9f3a8ad182bbd7eca2b1e9445d7689509a88f326c97f729baeb1
Gerald,Lucas,38,5aad6e2699fe17db6ed02a30d245af1f7b8c7a34663d4a08f4906b2af4dff4fe
Joshua,Anderson,33,fbc3d2f65c9419e8b3c9cdb6bbb8abaeebfcd42182215857758204d16234b610
Russell,Ross,54,098496e984a61879399e7ffe095be33727fa0826c4c0b6ea747f5d4dec8dfb0d
Ronald,Martin,52,30103a20a42f91d732e327576056f6158703b04990a28280d05ead1f5c9dd7a3
James,Johnson,49,83fbd86e9909111e99fd109b2e01e4abaab3a60d431e8e4a18ec2d98611e6ba2
John,Howard,83,cc181be1f118b2419abd508a865436123f2e338f928d26da14edb29ba5ffef29
Richard,Barrera,56,9e31a10292ef17ace530ebd8c917141fc792eac29eb37a498075c87fe6f4642b
Amanda,Lane,65,47884d36c49afba6f7d01df0c1236b0bae911fd1e934400908c2603b8b8c31b5
Eric,Poole,46,5565d12056a13da4b68a05c00268b5d0931b1b82b5702994732f2f41e3832f8f
Joshua,Harvey,24,9af50422c72b14a70c26f91af82e797344d6cd13053b57d474b4435227823ad6
Gina,Johnson,24,4b61b0fb44fae4e49d652f08e304f782adc223ac619ae461a644f41b2e0f1509
Katrina,Mosley,22,2de874284bfee4c8415ca5249da78e7fbd6f4a7cf823e086780aba37d9fa5aa4
Jon,Casey,44,29d40aaa84184b3ab7111691eb576cc3d9c86f32cde98814f77581bb24711745
Matthew,Long,48,4792aa5c99837767a841149689779d70d979abf8f003c3ede8d34568ef131624
Julie,Bennett,63,41a012444cd4468dd9159fde1e778a10f88d3d31cfbfb733f2839b0bdd39b4e2
Johnny,Williams,50,8ed4947a50817ec7128b96d9a337969da78288971b688a38c13ca769b6cde80a
Mary,Sherman,51,e15b1e54bd9a3a6286f1a032aa13b809cc62db4f5c47fc03525ea321b520b0c4
Deborah,Castillo,25,2d13770f7574c7d5a1823fe859ac70c50a774145b20ede93c5f5c4f39b51c0d7
Justin,Barrett,66,d36294adeacb7222374e4c9bacd40fd91bd707940141a6215a559f2c9b5a754b
Karl,Baker,84,ad2043dd651a4f64a94e77e40a3e9c5bf0fa17e4e0a997e6c431c66174c7b5c9
Ricky,Taylor,63,f5cebcac8ccda8ff6c6e69a1067f0479bead1d32cada299e12dcbc1b678be03f
Gabrielle,Warner,79,ea52ef3e8f29ab4f5db9de0aed41d5c76e2241842ac1f4a7e6ea513cf418e90a
Mark,Vaughn,59,4287cbf17da83fe30d6b8874be1cd5aea1e84202656478fdbd9c6faa8fd69d2a
Michael,Rodriguez,80,31be319e5dab91af4a1aac75075c8f52d17471f81f383d645f3157e6f61f1383
Melanie,West,38,9ec5018c1425a25cb41adac2460b29bd50cc5ed654e3e900b1407d3a77310bbc
Mary,Davis,21,f6aa1c384316ab18d3f4d704dbcb7344e44c085dfe083e7848721751dd503f07
Peter,Hill,25,581fcbff74a47557ae2d11064d725d18f0b5a731f5c7a1a8100f9329960c8750
Ashley,Black,48,870eb2e59a6fda31cee9751e7290fdff1c08fd2ecc053c61460131355097fc91
Joshua,Rivera,85,0a7bf1c9c2aa8eed22522c3accb7bce9671e34af90f5c4fc1b426b72f1530dd7
