Natasha,Hess,25,6ba2614f9ac57724d71386488b46a7abe6038afb28c9341f22a7ba718007a5fd
Evelyn,Peterson,36,604d9974b61ad764e7a7d81fd41af32d01237ec757322cf093e3915c7da4a722
Travis,Moore,21,04b0d2f1b563a455d55b2f2c24ef86564f1146630fc7d392e657ecf5f47303da
Cassandra,Weaver,31,2c3efee8d4682cff4081bebf3aecc9504c6a209b1f5dd11198f0c8c05904a05c
Francisco,Price,56,3fb1d502ed1a7ed9443ebc9f1653af314e3236b895734c921cfa0a7f29ff7987
Heather,Zamora,52,62f6177ea41275a267773d2aaf9ce3116f807c5ccd1388aa76f6756e1b2e7b7c
Melissa,Ortiz,57,263ee78faab061a9fa6920061fb8e7e54780ea3f6a2e1d52dc7e75b2aa034b51
Samantha,Barber,47,567824dae4c2e4c405d351f31ffee840bc6446fe24028aa45e58d5ba57506db1
Michael,Ruiz,48,28df6f9048dcfc9b9ce915b0fd46e8d4e12f4f9b4c349b8cccfe1c7368f00994
Crystal,Brown,63,3a6062ebeda6c9307d4ef263f65d15aea04730e54f3a26b985d8961841ee8f75
Jon,Taylor,65,b8435c8d657d47b94de0ff0d366c630c15142b8aa147bf3bc1eca1952affa5e7
Mrs.,Mary,80,b342b63ed4fafd580a8d31708019c2595e62ad4682113cbfc8dde9c1716e7009
James,Price,36,f591999d7f8ec17ef3e99560f60102fc3ebd93b66c39b33f51860622aaf5b7be
Rebecca,Smith,31,e8c7f1d1990da9929f180ff5280486236805d0a41cd65dbdb0e453d75714c66f
Jeffrey,Torres,26,dc60d04a8dc8bed6e7cf841c94de86137cbd99a1a86ffd2f0f180c9515e6281f
Wendy,Nolan,33,76d7db53460d91da6cce27f6f9227a950e2bf4e9d78c483c3eaf2b6abd387ed9
Daniel,Palmer,31,0bf5b0e1409b40105b23dd74b4bb3f232f36643b6c1b85b7e1565edc513d5bbc
Alan,Barnes,59,0e975a2f3a49134172b56e70ae9ed97edc6032cdcec5aa6c69a103e39fffaee2
Robert,Hughes,37,b210dfc8e8f22d86821664c159da516ab99e031317da94307787d797f0f34c91
Alice,Fisher,27,90b44c2d117328433c106eaf1532bd449d354cbcf53366d61e8d5d45898dd879
Logan,Barron,38,730d1cba950e70eb442c806d22d7d1f558d3542a041b2b2f0293ddd37dd7a861
Paula,Barnett,83,5713863779fcf0af88db5c5f29ef240acb4e276ce1b3101f8a562d57cf1b19a6
Michael,Brandt,23,463186c9287ccb8ebc55a6fc8b79b2a91be13824f20d0a46292d52bc569e61fa
James,Williams,64,bdf3385004b131efe5e66611341a798dc8c8d858c3e61c5182afa62c8a58cf40
Virginia,Lopez,30,29b347544f3acaa5517beda85074d93d101375b9ce4c1e3c260d19114a2cad14
Matthew,Pearson,21,6714c4b4d8d87313c13d0941ece8a01bba7045d08278346a3560cf17ec907cf1
Jared,Miller,57,bfd1ca4f5f9c54319b10ff88ac3e9d65acc5e3ab723f608774186cbe97e193c2
Edward,Fisher,52,37e318b6b6e9a395020c029034ed5843d065cb1ab4cfe722573a72d9bcf999c6
Jordan,Goodman,53,fb26ce2ab03d29fbac4efcc0f410a75a38ec1f1a33a7a3e15e3e95436a6c52d6
James,King,72,ecc86baf2b2fc838cfcb9e28582d60bcd50198d162c1d8940e5e36fb90a6e426
Devin,Terrell,46,72ec5f9303dc3ec1e1a2a32b343aa7d1eea163b860db2aa7f8c5a4ee86fa0b0d
Matthew,Levy,45,7c53550453efa250da04c9de247f771a5cf5bd1514e3ead5a123822c19f639ba
Kevin,Sanford,60,3ff357e11bda6193e32714678b32cb0fc79df88d493c7e6172afcffdf3a71596
Tonya,Oneal,68,fc65ef538da5d1302a911bd3e48cae48a90bf66eb1d535c4f04e617511b312e7
Sarah,Smith,85,a0d68b44f8311455923dc7083960713ee1edded622b02086a8b2177467cc8999
Christina,Thomas,82,531d049f3a087ce55e01242f50b0c648574460ab7a49c768f0418b1083e21482
Daniel,Gutierrez,55,6903eff7e319f680ba9df077cd15c7be0054e2bcc4e0e14695b2c6661d47f11d
Veronica,Austin,62,0264da7c3fe8df0aa3eafab0d64701b4e11bb8bf17c7120d20f4e93b31cda6f9
Betty,Oliver,44,1db271baae0ca23a069483b01b2e47a8b83c8fdfc2565090b49345675a78294d
Jacob,Ross,64,264e5bf3709a29f10f4f50d0bad0e431e8c7af9af41382df3262f392d4716637
Stefanie,Smith,75,cfbb8767493932187ca093a110386575cba431adc11da035b027977cb757e41f
Lisa,Owens,69,465f2e6c85402204e4ed74e3529a439d5db94ecade04b45ee056f882b0970e9d
Misty,Cruz,52,2700ddac136bd67e2e47cde1814b747b26c35769e20e4f8f60698afdf5bc32c6
Katherine,Martin,57,bcfc1831c79c78ac6cad33477b372c2e8d7a0ecc1ccdf3747889479f14d03bbb
Jennifer,Crawford,79,51ec36b8ec13d4d8350ce7bc94d97a67fff05bd1cc4c10945e37482cb2f32008
Ana,Reed,71,945461cfefe5d7bc54c85377b759b15cdfa3ba41f59115aa2a57ae9690f0e78a
Jeffery,Rush,70,e8b1e68c55caff6c64e7e43110ae2010520171a844c3bc87cc56ee7e92704bf9
Morgan,Rose,30,2968e9c480f988a4d6ad804204fb52ee7e32789ddef9172f697029358ea97550
Michael,Wilson,43,ef6debe09e6a4d1d6121f2832712b4783a3d9fce922d154e8fc79844c0b100f2
Ariel,Atkins,24,97dcb8c7ae24fb8b6d8322941add47ee1cad00bf122e4a48e657e744c8b692de
Amy,Thornton,80,8aa03d6a1249241dc3da979abee8b9b4e62e529c0f52781c00f8d22af615672a
Thomas,Washington,73,ac69fd13cb6d9f9d24e7ea297633cf1d0d65580e61638addd31ccd6997883ee2
Matthew,Williams,29,8c32d0c8106ef93b46ee30aa03b7be8ce06614e8d80a8665a3d57f7657cb42ea
Craig,Nguyen,25,5cba01ac0054b7370b089eedc4e21af4256eb8a254d8525ac6110f5d04f96fc7
John,Smith,44,ccd050f2c99db318e69a47da56e96119a2e7bd3acf923e41ab76ee06906670e5
Spencer,Hayes,77,6ba2614f9ac57724d71386488b46a7abe6038afb28c9341f22a7ba718007a5fd
Nicole,Jones,51,604d9974b61ad764e7a7d81fd41af32d01237ec757322cf093e3915c7da4a722
Morgan,Shannon,69,04b0d2f1b563a455d55b2f2c24ef86564f1146630fc7d392e657ecf5f47303da
Cynthia,Salinas,44,2c3efee8d4682cff4081bebf3aecc9504c6a209b1f5dd11198f0c8c05904a05c
Tammy,Porter,34,3fb1d502ed1a7ed9443ebc9f1653af314e3236b895734c921cfa0a7f29ff7987
Latoya,Ritter,60,62f6177ea41275a267773d2aaf9ce3116f807c5ccd1388aa76f6756e1b2e7b7c
Gerald,Butler,64,263ee78faab061a9fa6920061fb8e7e54780ea3f6a2e1d52dc7e75b2aa034b51
Tracey,Reed,33,567824dae4c2e4c405d351f31ffee840bc6446fe24028aa45e58d5ba57506db1
James,Cannon,22,28df6f9048dcfc9b9ce915b0fd46e8d4e12f4f9b4c349b8cccfe1c7368f00994
Joshua,Morrison,79,3a6062ebeda6c9307d4ef263f65d15aea04730e54f3a26b985d8961841ee8f75
Michael,Taylor,43,b8435c8d657d47b94de0ff0d366c630c15142b8aa147bf3bc1eca1952affa5e7
Stephen,Henderson,60,b342b63ed4fafd580a8d31708019c2595e62ad4682113cbfc8dde9c1716e7009
Stephanie,Reilly,74,f591999d7f8ec17ef3e99560f60102fc3ebd93b66c39b33f51860622aaf5b7be
Kristen,Cherry,61,e8c7f1d1990da9929f180ff5280486236805d0a41cd65dbdb0e453d75714c66f
Joseph,Gonzales,46,dc60d04a8dc8bed6e7cf841c94de86137cbd99a1a86ffd2f0f180c9515e6281f
Randy,Cross,76,76d7db53460d91da6cce27f6f9227a950e2bf4e9d78c483c3eaf2b6abd387ed9
John,Johnston,40,0bf5b0e1409b40105b23dd74b4bb3f232f36643b6c1b85b7e1565edc513d5bbc
Chelsea,Johnson,25,0e975a2f3a49134172b56e70ae9ed97edc6032cdcec5aa6c69a103e39fffaee2
Alexandria,Anderson,58,b210dfc8e8f22d86821664c159da516ab99e031317da94307787d797f0f34c91
Kimberly,Price,36,90b44c2d117328433c106eaf1532bd449d354cbcf53366d61e8d5d45898dd879
Debra,James,71,730d1cba950e70eb442c806d22d7d1f558d3542a041b2b2f0293ddd37dd7a861
Ryan,Chandler,81,5713863779fcf0af88db5c5f29ef240acb4e276ce1b3101f8a562d57cf1b19a6
Christian,Randolph,64,463186c9287ccb8ebc55a6fc8b79b2a91be13824f20d0a46292d52bc569e61fa
Jonathan,Spears,70,bdf3385004b131efe5e66611341a798dc8c8d858c3e61c5182afa62c8a58cf40
Caitlin,Ferguson,44,29b347544f3acaa5517beda85074d93d101375b9ce4c1e3c260d19114a2cad14
Sally,Cardenas,40,6714c4b4d8d87313c13d0941ece8a01bba7045d08278346a3560cf17ec907cf1
Vincent,Wiggins,78,bfd1ca4f5f9c54319b10ff88ac3e9d65acc5e3ab723f608774186cbe97e193c2
Shannon,Lawrence,84,37e318b6b6e9a395020c029034ed5843d065cb1ab4cfe722573a72d9bcf999c6
Monique,Lewis,57,fb26ce2ab03d29fbac4efcc0f410a75a38ec1f1a33a7a3e15e3e95436a6c52d6
Paul,Jackson,71,ecc86baf2b2fc838cfcb9e28582d60bcd50198d162c1d8940e5e36fb90a6e426
Crystal,Thomas,52,72ec5f9303dc3ec1e1a2a32b343aa7d1eea163b860db2aa7f8c5a4ee86fa0b0d
Mary,Floyd,45,7c53550453efa250da04c9de247f771a5cf5bd1514e3ead5a123822c19f639ba
Darrell,Williams,19,3ff357e11bda6193e32714678b32cb0fc79df88d493c7e6172afcffdf3a71596
Michelle,Hernandez,59,fc65ef538da5d1302a911bd3e48cae48a90bf66eb1d535c4f04e617511b312e7
Brian,Roberson,63,a0d68b44f8311455923dc7083960713ee1edded622b02086a8b2177467cc8999
Nancy,Kramer,32,531d049f3a087ce55e01242f50b0c648574460ab7a49c768f0418b1083e21482
Allison,Russell,19,6903eff7e319f680ba9df077cd15c7be0054e2bcc4e0e14695b2c6661d47f11d
Denise,Thomas,75,0264da7c3fe8df0aa3eafab0d64701b4e11bb8bf17c7120d20f4e93b31cda6f9
Steven,Gardner,48,1db271baae0ca23a069483b01b2e47a8b83c8fdfc2565090b49345675a78294d
Michael,Johnson,29,264e5bf3709a29f10f4f50d0bad0e431e8c7af9af41382df3262f392d4716637
Eric,Cox,78,cfbb8767493932187ca093a110386575cba431adc11da035b027977cb757e41f
Jeremiah,Moreno,24,465f2e6c85402204e4ed74e3529a439d5db94ecade04b45ee056f882b0970e9d
James,Payne,44,2700ddac136bd67e2e47cde1814b747b26c35769e20e4f8f60698afdf5bc32c6
Patrick,Johnson,56,bcfc1831c79c78ac6cad33477b372c2e8d7a0ecc1ccdf3747889479f14d03bbb
Danielle,Torres,35,51ec36b8ec13d4d8350ce7bc94d97a67fff05bd1cc4c10945e37482cb2f32008
Charles,Mckee,23,945461cfefe5d7bc54c85377b759b15cdfa3ba41f59115aa2a57ae9690f0e78a
Adam,Alexander,45,e8b1e68c55caff6c64e7e43110ae2010520171a844c3bc87cc56ee7e92704bf9
Tiffany,Johnson,79,2968e9c480f988a4d6ad804204fb52ee7e32789ddef9172f697029358ea97550
Scott,Hayden,43,ef6debe09e6a4d1d6121f2832712b4783a3d9fce922d154e8fc79844c0b100f2
Cathy,Hart,41,97dcb8c7ae24fb8b6d8322941add47ee1cad00bf122e4a48e657e744c8b692de
James,Jones,66,8aa03d6a1249241dc3da979abee8b9b4e62e529c0f52781c00f8d22af615672a
Cynthia,Thomas,36,ac69fd13cb6d9f9d24e7ea297633cf1d0d65580e61638addd31ccd6997883ee2
Joseph,Wilson,60,8c32d0c8106ef93b46ee30aa03b7be8ce06614e8d80a8665a3d57f7657cb42ea
Janice,Zimmerman,54,5cba01ac0054b7370b089eedc4e21af4256eb8a254d8525ac6110f5d04f96fc7
Timothy,Powers,52,ccd050f2c99db318e69a47da56e96119a2e7bd3acf923e41ab76ee06906670e5
Lisa,Wilson,77,6ba2614f9ac57724d71386488b46a7abe6038afb28c9341f22a7ba718007a5fd
Caleb,Ramsey,68,604d9974b61ad764e7a7d81fd41af32d01237ec757322cf093e3915c7da4a722
Justin,Mora,66,04b0d2f1b563a455d55b2f2c24ef86564f1146630fc7d392e657ecf5f47303da
Robert,Serrano,66,2c3efee8d4682cff4081bebf3aecc9504c6a209b1f5dd11198f0c8c05904a05c
Charles,Jones,19,3fb1d502ed1a7ed9443ebc9f1653af314e3236b895734c921cfa0a7f29ff7987
Bruce,Wilson,18,62f6177ea41275a267773d2aaf9ce3116f807c5ccd1388aa76f6756e1b2e7b7c
Sean,Ochoa,55,263ee78faab061a9fa6920061fb8e7e54780ea3f6a2e1d52dc7e75b2aa034b51
James,Barker,42,567824dae4c2e4c405d351f31ffee840bc6446fe24028aa45e58d5ba57506db1
David,Davis,47,28df6f9048dcfc9b9ce915b0fd46e8d4e12f4f9b4c349b8cccfe1c7368f00994
Emily,Perry,66,3a6062ebeda6c9307d4ef263f65d15aea04730e54f3a26b985d8961841ee8f75
Jordan,Welch,43,b8435c8d657d47b94de0ff0d366c630c15142b8aa147bf3bc1eca1952affa5e7
William,Butler,28,b342b63ed4fafd580a8d31708019c2595e62ad4682113cbfc8dde9c1716e7009
Cheryl,Vargas,68,f591999d7f8ec17ef3e99560f60102fc3ebd93b66c39b33f51860622aaf5b7be
Grant,King,50,e8c7f1d1990da9929f180ff5280486236805d0a41cd65dbdb0e453d75714c66f
Ashley,Suarez,40,dc60d04a8dc8bed6e7cf841c94de86137cbd99a1a86ffd2f0f180c9515e6281f
Timothy,Wilson,50,76d7db53460d91da6cce27f6f9227a950e2bf4e9d78c483c3eaf2b6abd387ed9
Peter,Ibarra,43,0bf5b0e1409b40105b23dd74b4bb3f232f36643b6c1b85b7e1565edc513d5bbc
Joseph,Houston,46,0e975a2f3a49134172b56e70ae9ed97edc6032cdcec5aa6c69a103e39fffaee2
Daniel,Bailey,26,b210dfc8e8f22d86821664c159da516ab99e031317da94307787d797f0f34c91
Ashlee,Williamson,58,90b44c2d117328433c106eaf1532bd449d354cbcf53366d61e8d5d45898dd879
Curtis,Guzman,73,730d1cba950e70eb442c806d22d7d1f558d3542a041b2b2f0293ddd37dd7a861
Sharon,Martinez,59,5713863779fcf0af88db5c5f29ef240acb4e276ce1b3101f8a562d57cf1b19a6
Diane,Hancock,74,463186c9287ccb8ebc55a6fc8b79b2a91be13824f20d0a46292d52bc569e61fa
Elizabeth,Martin,39,bdf3385004b131efe5e66611341a798dc8c8d858c3e61c5182afa62c8a58cf40
Elizabeth,Turner,26,29b347544f3acaa5517beda85074d93d101375b9ce4c1e3c260d19114a2cad14
Neil,Stanley,70,6714c4b4d8d87313c13d0941ece8a01bba7045d08278346a3560cf17ec907cf1
Matthew,Wade,31,bfd1ca4f5f9c54319b10ff88ac3e9d65acc5e3ab723f608774186cbe97e193c2
Kevin,Mcdonald,81,37e318b6b6e9a395020c029034ed5843d065cb1ab4cfe722573a72d9bcf999c6
Jennifer,Turner,41,fb26ce2ab03d29fbac4efcc0f410a75a38ec1f1a33a7a3e15e3e95436a6c52d6
Jesus,Williams,72,ecc86baf2b2fc838cfcb9e28582d60bcd50198d162c1d8940e5e36fb90a6e426
Jennifer,Brooks,67,72ec5f9303dc3ec1e1a2a32b343aa7d1eea163b860db2aa7f8c5a4ee86fa0b0d
Stephanie,Young,77,7c53550453efa250da04c9de247f771a5cf5bd1514e3ead5a123822c19f639ba
Andrew,Pacheco,73,3ff357e11bda6193e32714678b32cb0fc79df88d493c7e6172afcffdf3a71596
Heather,Bailey,45,fc65ef538da5d1302a911bd3e48cae48a90bf66eb1d535c4f04e617511b312e7
Dennis,Cooper,68,a0d68b44f8311455923dc7083960713ee1edded622b02086a8b2177467cc8999
Gavin,West,23,531d049f3a087ce55e01242f50b0c648574460ab7a49c768f0418b1083e21482
Michael,Wood,53,6903eff7e319f680ba9df077cd15c7be0054e2bcc4e0e14695b2c6661d47f11d
Paul,Bonilla,54,0264da7c3fe8df0aa3eafab0d64701b4e11bb8bf17c7120d20f4e93b31cda6f9
Joann,Foster,62,1db271baae0ca23a069483b01b2e47a8b83c8fdfc2565090b49345675a78294d
Michael,Hansen,24,264e5bf3709a29f10f4f50d0bad0e431e8c7af9af41382df3262f392d4716637
Andrea,Hodge,57,cfbb8767493932187ca093a110386575cba431adc11da035b027977cb757e41f
Glenn,Garcia,28,465f2e6c85402204e4ed74e3529a439d5db94ecade04b45ee056f882b0970e9d
Elizabeth,Herrera,84,2700ddac136bd67e2e47cde1814b747b26c35769e20e4f8f60698afdf5bc32c6
Susan,Olson,79,bcfc1831c79c78ac6cad33477b372c2e8d7a0ecc1ccdf3747889479f14d03bbb
Timothy,Ward,82,51ec36b8ec13d4d8350ce7bc94d97a67fff05bd1cc4c10945e37482cb2f32008
Melissa,Lewis,51,945461cfefe5d7bc54c85377b759b15cdfa3ba41f59115aa2a57ae9690f0e78a
Theresa,Ball,20,e8b1e68c55caff6c64e7e43110ae2010520171a844c3bc87cc56ee7e92704bf9
Kenneth,Smith,31,2968e9c480f988a4d6ad804204fb52ee7e32789ddef9172f697029358ea97550
Brenda,Johnson,85,ef6debe09e6a4d1d6121f2832712b4783a3d9fce922d154e8fc79844c0b100f2
Michael,Gray,36,97dcb8c7ae24fb8b6d8322941add47ee1cad00bf122e4a48e657e744c8b692de
Brittany,Peterson,62,8aa03d6a1249241dc3da979abee8b9b4e62e529c0f52781c00f8d22af615672a
Alex,Crosby,25,ac69fd13cb6d9f9d24e7ea297633cf1d0d65580e61638addd31ccd6997883ee2
Crystal,Hobbs,56,8c32d0c8106ef93b46ee30aa03b7be8ce06614e8d80a8665a3d57f7657cb42ea
Stephanie,Craig,52,5cba01ac0054b7370b089eedc4e21af4256eb8a254d8525ac6110f5d04f96fc7
Allen,Cruz,40,ccd050f2c99db318e69a47da56e96119a2e7bd3acf923e41ab76ee06906670e5
Gwendolyn,Weber,72,6ba2614f9ac57724d71386488b46a7abe6038afb28c9341f22a7ba718007a5fd
Angela,Garcia,33,604d9974b61ad764e7a7d81fd41af32d01237ec757322cf093e3915c7da4a722
Jeremy,Dodson,67,04b0d2f1b563a455d55b2f2c24ef86564f1146630fc7d392e657ecf5f47303da
Christopher,Haynes,22,2c3efee8d4682cff4081bebf3aecc9504c6a209b1f5dd11198f0c8c05904a05c
Cynthia,Little,26,3fb1d502ed1a7ed9443ebc9f1653af314e3236b895734c921cfa0a7f29ff7987
Jennifer,Moore,45,62f6177ea41275a267773d2aaf9ce3116f807c5ccd1388aa76f6756e1b2e7b7c
Christopher,Jordan,63,263ee78faab061a9fa6920061fb8e7e54780ea3f6a2e1d52dc7e75b2aa034b51
Jonathan,Anderson,26,567824dae4c2e4c405d351f31ffee840bc6446fe24028aa45e58d5ba57506db1
Victoria,Marshall,35,28df6f9048dcfc9b9ce915b0fd46e8d4e12f4f9b4c349b8cccfe1c7368f00994
Sandra,Wolf,48,3a6062ebeda6c9307d4ef263f65d15aea04730e54f3a26b985d8961841ee8f75
Dale,Davis,18,b8435c8d657d47b94de0ff0d366c630c15142b8aa147bf3bc1eca1952affa5e7
Brittney,Page,41,b342b63ed4fafd580a8d31708019c2595e62ad4682113cbfc8dde9c1716e7009
Natalie,Green,48,f591999d7f8ec17ef3e99560f60102fc3ebd93b66c39b33f51860622aaf5b7be
Nicholas,Sharp,75,e8c7f1d1990da9929f180ff5280486236805d0a41cd65dbdb0e453d75714c66f
Marcus,Morrow,54,dc60d04a8dc8bed6e7cf841c94de86137cbd99a1a86ffd2f0f180c9515e6281f
Sierra,Reyes,63,76d7db53460d91da6cce27f6f9227a950e2bf4e9d78c483c3eaf2b6abd387ed9
Larry,Proctor,85,0bf5b0e1409b40105b23dd74b4bb3f232f36643b6c1b85b7e1565edc513d5bbc
Donald,Kent,69,0e975a2f3a49134172b56e70ae9ed97edc6032cdcec5aa6c69a103e39fffaee2
Joseph,Young,53,b210dfc8e8f22d86821664c159da516ab99e031317da94307787d797f0f34c91
Tiffany,Pittman,38,90b44c2d117328433c106eaf1532bd449d354cbcf53366d61e8d5d45898dd879
Krista,Chavez,30,730d1cba950e70eb442c806d22d7d1f558d3542a041b2b2f0293ddd37dd7a861
Dawn,Singh,47,5713863779fcf0af88db5c5f29ef240acb4e276ce1b3101f8a562d57cf1b19a6
Lynn,Allen,71,463186c9287ccb8ebc55a6fc8b79b2a91be13824f20d0a46292d52bc569e61fa
Sarah,Brown,70,bdf3385004b131efe5e66611341a798dc8c8d858c3e61c5182afa62c8a58cf40
Arthur,Newton,20,29b347544f3acaa5517beda85074d93d101375b9ce4c1e3c260d19114a2cad14
Benjamin,Blake,31,6714c4b4d8d87313c13d0941ece8a01bba7045d08278346a3560cf17ec907cf1
Gloria,Frost,49,bfd1ca4f5f9c54319b10ff88ac3e9d65acc5e3ab723f608774186cbe97e193c2
Brenda,Taylor,40,37e318b6b6e9a395020c029034ed5843d065cb1ab4cfe722573a72d9bcf999c6
Adam,Burgess,64,fb26ce2ab03d29fbac4efcc0f410a75a38ec1f1a33a7a3e15e3e95436a6c52d6
Ann,Bailey,61,ecc86baf2b2fc838cfcb9e28582d60bcd50198d162c1d8940e5e36fb90a6e426
Brittany,Sanchez,45,72ec5f9303dc3ec1e1a2a32b343aa7d1eea163b860db2aa7f8c5a4ee86fa0b0d
Sarah,Price,27,7c53550453efa250da04c9de247f771a5cf5bd1514e3ead5a123822c19f639ba
Kristin,Harper,57,3ff357e11bda6193e32714678b32cb0fc79df88d493c7e6172afcffdf3a71596
Allison,Sawyer,85,fc65ef538da5d1302a911bd3e48cae48a90bf66eb1d535c4f04e617511b312e7
Lauren,Yates,63,a0d68b44f8311455923dc7083960713ee1edded622b02086a8b2177467cc8999
Christopher,Cruz,42,531d049f3a087ce55e01242f50b0c648574460ab7a49c768f0418b1083e21482
Timothy,Berry,81,6903eff7e319f680ba9df077cd15c7be0054e2bcc4e0e14695b2c6661d47f11d
Miranda,Hall,85,0264da7c3fe8df0aa3eafab0d64701b4e11bb8bf17c7120d20f4e93b31cda6f9
Leah,Mueller,71,1db271baae0ca23a069483b01b2e47a8b83c8fdfc2565090b49345675a78294d
Sara,Holt,76,264e5bf3709a29f10f4f50d0bad0e431e8c7af9af41382df3262f392d4716637
Alexandra,Giles,62,cfbb8767493932187ca093a110386575cba431adc11da035b027977cb757e41f
Tyler,Hampton,51,465f2e6c85402204e4ed74e3529a439d5db94ecade04b45ee056f882b0970e9d
Monica,Miles,57,2700ddac136bd67e2e47cde1814b747b26c35769e20e4f8f60698afdf5bc32c6
Meredith,Pineda,31,bcfc1831c79c78ac6cad33477b372c2e8d7a0ecc1ccdf3747889479f14d03bbb
Regina,Ortega,22,51ec36b8ec13d4d8350ce7bc94d97a67fff05bd1cc4c10945e37482cb2f32008
William,Gutierrez,23,945461cfefe5d7bc54c85377b759b15cdfa3ba41f59115aa2a57ae9690f0e78a
Cynthia,Ferrell,72,e8b1e68c55caff6c64e7e43110ae2010520171a844c3bc87cc56ee7e92704bf9
Elizabeth,Booker,58,2968e9c480f988a4d6ad804204fb52ee7e32789ddef9172f697029358ea97550
Amy,Miller,85,ef6debe09e6a4d1d6121f2832712b4783a3d9fce922d154e8fc79844c0b100f2
Todd,Neal,38,97dcb8c7ae24fb8b6d8322941add47ee1cad00bf122e4a48e657e744c8b692de
Kelly,Brown,30,8aa03d6a1249241dc3da979abee8b9b4e62e529c0f52781c00f8d22af615672a
Jason,Jones,19,ac69fd13cb6d9f9d24e7ea297633cf1d0d65580e61638addd31ccd6997883ee2
Lori,Stevens,74,8c32d0c8106ef93b46ee30aa03b7be8ce06614e8d80a8665a3d57f7657cb42ea
Erica,Bowman,34,5cba01ac0054b7370b089eedc4e21af4256eb8a254d8525ac6110f5d04f96fc7
Donald,Taylor,55,ccd050f2c99db318e69a47da56e96119a2e7bd3acf923e41ab76ee06906670e5
Robert,Barnes,41,6ba2614f9ac57724d71386488b46a7abe6038afb28c9341f22a7ba718007a5fd
Robert,Medina,73,604d9974b61ad764e7a7d81fd41af32d01237ec757322cf093e3915c7da4a722
Mary,Robinson,64,04b0d2f1b563a455d55b2f2c24ef86564f1146630fc7d392e657ecf5f47303da
Jeremy,Mccarthy,22,2c3efee8d4682cff4081bebf3aecc9504c6a209b1f5dd11198f0c8c05904a05c
Sandra,Roth,55,3fb1d502ed1a7ed9443ebc9f1653af314e3236b895734c921cfa0a7f29ff7987
Sandra,Byrd,50,62f6177ea41275a267773d2aaf9ce3116f807c5ccd1388aa76f6756e1b2e7b7c
Morgan,Smith,31,263ee78faab061a9fa6920061fb8e7e54780ea3f6a2e1d52dc7e75b2aa034b51
Andrea,Webb,23,567824dae4c2e4c405d351f31ffee840bc6446fe24028aa45e58d5ba57506db1
Erica,Kelly,52,28df6f9048dcfc9b9ce915b0fd46e8d4e12f4f9b4c349b8cccfe1c7368f00994
Travis,Key,59,3a6062ebeda6c9307d4ef263f65d15aea04730e54f3a26b985d8961841ee8f75
Stacey,Jackson,62,b8435c8d657d47b94de0ff0d366c630c15142b8aa147bf3bc1eca1952affa5e7
Curtis,Holland,80,b342b63ed4fafd580a8d31708019c2595e62ad4682113cbfc8dde9c1716e7009
Patricia,Parrish,73,f591999d7f8ec17ef3e99560f60102fc3ebd93b66c39b33f51860622aaf5b7be
Sean,Benton,67,e8c7f1d1990da9929f180ff5280486236805d0a41cd65dbdb0e453d75714c66f
Christopher,Contreras,27,dc60d04a8dc8bed6e7cf841c94de86137cbd99a1a86ffd2f0f180c9515e6281f
Christopher,Gilmore,32,76d7db53460d91da6cce27f6f9227a950e2bf4e9d78c483c3eaf2b6abd387ed9
Rachel,Maldonado,67,0bf5b0e1409b40105b23dd74b4bb3f232f36643b6c1b85b7e1565edc513d5bbc
Whitney,Brown,32,0e975a2f3a49134172b56e70ae9ed97edc6032cdcec5aa6c69a103e39fffaee2
Darius,Smith,61,b210dfc8e8f22d86821664c159da516ab99e031317da94307787d797f0f34c91
Jason,Krause,59,90b44c2d117328433c106eaf1532bd449d354cbcf53366d61e8d5d45898dd879
Jessica,Cameron,47,730d1cba950e70eb442c806d22d7d1f558d3542a041b2b2f0293ddd37dd7a861
Scott,Jones,53,5713863779fcf0af88db5c5f29ef240acb4e276ce1b3101f8a562d57cf1b19a6
Ronald,Holland,29,463186c9287ccb8ebc55a6fc8b79b2a91be13824f20d0a46292d52bc569e61fa
Eric,Miles,25,bdf3385004b131efe5e66611341a798dc8c8d858c3e61c5182afa62c8a58cf40
Darren,Taylor,69,29b347544f3acaa5517beda85074d93d101375b9ce4c1e3c260d19114a2cad14
Calvin,Young,26,6714c4b4d8d87313c13d0941ece8a01bba7045d08278346a3560cf17ec907cf1
Vincent,Walters,60,bfd1ca4f5f9c54319b10ff88ac3e9d65acc5e3ab723f608774186cbe97e193c2
William,Blackwell,26,37e318b6b6e9a395020c029034ed5843d065cb1ab4cfe722573a72d9bcf999c6
Joseph,Cole,22,fb26ce2ab03d29fbac4efcc0f410a75a38ec1f1a33a7a3e15e3e95436a6c52d6
Alisha,Romero,20,ecc86baf2b2fc838cfcb9e28582d60bcd50198d162c1d8940e5e36fb90a6e426
Mark,Cole,70,72ec5f9303dc3ec1e1a2a32b343aa7d1eea163b860db2aa7f8c5a4ee86fa0b0d
Haley,Cohen,37,7c53550453efa250da04c9de247f771a5cf5bd1514e3ead5a123822c19f639ba
Jennifer,Stewart,38,3ff357e11bda6193e32714678b32cb0fc79df88d493c7e6172afcffdf3a71596
Zoe,Sloan,63,fc65ef538da5d1302a911bd3e48cae48a90bf66eb1d535c4f04e617511b312e7
Michael,Cunningham,80,a0d68b44f8311455923dc7083960713ee1edded622b02086a8b2177467cc8999
Barbara,Williams,37,531d049f3a087ce55e01242f50b0c648574460ab7a49c768f0418b1083e21482
Amy,Ramirez,40,6903eff7e319f680ba9df077cd15c7be0054e2bcc4e0e14695b2c6661d47f11d
Rebecca,Black,33,0264da7c3fe8df0aa3eafab0d64701b4e11bb8bf17c7120d20f4e93b31cda6f9
Mark,Williams,72,1db271baae0ca23a069483b01b2e47a8b83c8fdfc2565090b49345675a78294d
Matthew,Cox,34,264e5bf3709a29f10f4f50d0bad0e431e8c7af9af41382df3262f392d4716637
Brenda,Miller,26,cfbb8767493932187ca093a110386575cba431adc11da035b027977cb757e41f
Michael,Lopez,72,465f2e6c85402204e4ed74e3529a439d5db94ecade04b45ee056f882b0970e9d
Erin,Miller,70,2700ddac136bd67e2e47cde1814b747b26c35769e20e4f8f60698afdf5bc32c6
Jacqueline,Stevens,77,bcfc1831c79c78ac6cad33477b372c2e8d7a0ecc1ccdf3747889479f14d03bbb
Devin,Figueroa,35,51ec36b8ec13d4d8350ce7bc94d97a67fff05bd1cc4c10945e37482cb2f32008
Michael,Ballard,39,945461cfefe5d7bc54c85377b759b15cdfa3ba41f59115aa2a57ae9690f0e78a
Lisa,Park,52,e8b1e68c55caff6c64e7e43110ae2010520171a844c3bc87cc56ee7e92704bf9
Nicholas,Santos,38,2968e9c480f988a4d6ad804204fb52ee7e32789ddef9172f697029358ea97550
Vincent,Tran,23,ef6debe09e6a4d1d6121f2832712b4783a3d9fce922d154e8fc79844c0b100f2
Alyssa,Gonzalez,60,97dcb8c7ae24fb8b6d8322941add47ee1cad00bf122e4a48e657e744c8b692de
Tina,Brady,78,8aa03d6a1249241dc3da979abee8b9b4e62e529c0f52781c00f8d22af615672a
Linda,Martinez,43,ac69fd13cb6d9f9d24e7ea297633cf1d0d65580e61638addd31ccd6997883ee2
Dawn,Brown,48,8c32d0c8106ef93b46ee30aa03b7be8ce06614e8d80a8665a3d57f7657cb42ea
Bryan,Williams,76,5cba01ac0054b7370b089eedc4e21af4256eb8a254d8525ac6110f5d04f96fc7
Michelle,Ramos,54,ccd050f2c99db318e69a47da56e96119a2e7bd3acf923e41ab76ee06906670e5
Lisa,Casey,75,6ba2614f9ac57724d71386488b46a7abe6038afb28c9341f22a7ba718007a5fd
Kimberly,White,22,604d9974b61ad764e7a7d81fd41af32d01237ec757322cf093e3915c7da4a722
Alison,Jones,80,04b0d2f1b563a455d55b2f2c24ef86564f1146630fc7d392e657ecf5f47303da
Gordon,Griffin,76,2c3efee8d4682cff4081bebf3aecc9504c6a209b1f5dd11198f0c8c05904a05c
Austin,Williams,47,3fb1d502ed1a7ed9443ebc9f1653af314e3236b895734c921cfa0a7f29ff7987
Sarah,Robles,58,62f6177ea41275a267773d2aaf9ce3116f807c5ccd1388aa76f6756e1b2e7b7c
Bethany,Woodard,69,263ee78faab061a9fa6920061fb8e7e54780ea3f6a2e1d52dc7e75b2aa034b51
Tiffany,Gilbert,70,567824dae4c2e4c405d351f31ffee840bc6446fe24028aa45e58d5ba57506db1
Amy,Shepherd,33,28df6f9048dcfc9b9ce915b0fd46e8d4e12f4f9b4c349b8cccfe1c7368f00994
Warren,Taylor,72,3a6062ebeda6c9307d4ef263f65d15aea04730e54f3a26b985d8961841ee8f75
Maurice,Hicks,39,b8435c8d657d47b94de0ff0d366c630c15142b8aa147bf3bc1eca1952affa5e7
Cynthia,Turner,85,b342b63ed4fafd580a8d31708019c2595e62ad4682113cbfc8dde9c1716e7009
Anna,Miller,44,f591999d7f8ec17ef3e99560f60102fc3ebd93b66c39b33f51860622aaf5b7be
Ryan,Orozco,49,e8c7f1d1990da9929f180ff5280486236805d0a41cd65dbdb0e453d75714c66f
Nicole,Lopez,82,dc60d04a8dc8bed6e7cf841c94de86137cbd99a1a86ffd2f0f180c9515e6281f
Edward,Davis,60,76d7db53460d91da6cce27f6f9227a950e2bf4e9d78c483c3eaf2b6abd387ed9
Kelly,Bradford,28,0bf5b0e1409b40105b23dd74b4bb3f232f36643b6c1b85b7e1565edc513d5bbc
Vincent,Barnett,32,0e975a2f3a49134172b56e70ae9ed97edc6032cdcec5aa6c69a103e39fffaee2
Zachary,Mendoza,80,b210dfc8e8f22d86821664c159da516ab99e031317da94307787d797f0f34c91
Roberta,Santiago,49,90b44c2d117328433c106eaf1532bd449d354cbcf53366d61e8d5d45898dd879
Heather,Ruiz,41,730d1cba950e70eb442c806d22d7d1f558d3542a041b2b2f0293ddd37dd7a861
Micheal,Boyle,52,5713863779fcf0af88db5c5f29ef240acb4e276ce1b3101f8a562d57cf1b19a6
Melissa,Doyle,71,463186c9287ccb8ebc55a6fc8b79b2a91be13824f20d0a46292d52bc569e61fa
Kaitlyn,Wheeler,65,bdf3385004b131efe5e66611341a798dc8c8d858c3e61c5182afa62c8a58cf40
Michael,Morgan,66,29b347544f3acaa5517beda85074d93d101375b9ce4c1e3c260d19114a2cad14
Ethan,Houston,43,6714c4b4d8d87313c13d0941ece8a01bba7045d08278346a3560cf17ec907cf1
Kelsey,Hunt,36,bfd1ca4f5f9c54319b10ff88ac3e9d65acc5e3ab723f608774186cbe97e193c2
Joel,Evans,75,37e318b6b6e9a395020c029034ed5843d065cb1ab4cfe722573a72d9bcf999c6
Stephanie,Ray,70,fb26ce2ab03d29fbac4efcc0f410a75a38ec1f1a33a7a3e15e3e95436a6c52d6
Sean,Mckenzie,77,ecc86baf2b2fc838cfcb9e28582d60bcd50198d162c1d8940e5e36fb90a6e426
Michael,Anderson,66,72ec5f9303dc3ec1e1a2a32b343aa7d1eea163b860db2aa7f8c5a4ee86fa0b0d
Kevin,Anderson,55,7c53550453efa250da04c9de247f771a5cf5bd1514e3ead5a123822c19f639ba
Paul,May,63,3ff357e11bda6193e32714678b32cb0fc79df88d493c7e6172afcffdf3a71596
Kenneth,Thomas,21,fc65ef538da5d1302a911bd3e48cae48a90bf66eb1d535c4f04e617511b312e7
Kenneth,Baker,24,a0d68b44f8311455923dc7083960713ee1edded622b02086a8b2177467cc8999
Melissa,Wang,58,531d049f3a087ce55e01242f50b0c648574460ab7a49c768f0418b1083e21482
Corey,Dorsey,19,6903eff7e319f680ba9df077cd15c7be0054e2bcc4e0e14695b2c6661d47f11d
Lauren,Ruiz,36,0264da7c3fe8df0aa3eafab0d64701b4e11bb8bf17c7120d20f4e93b31cda6f9
Charles,Miller,66,1db271baae0ca23a069483b01b2e47a8b83c8fdfc2565090b49345675a78294d
Mandy,Hernandez,58,264e5bf3709a29f10f4f50d0bad0e431e8c7af9af41382df3262f392d4716637
Nathan,Bush,58,cfbb8767493932187ca093a110386575cba431adc11da035b027977cb757e41f
Christopher,Graham,18,465f2e6c85402204e4ed74e3529a439d5db94ecade04b45ee056f882b0970e9d
Robert,Ochoa,70,2700ddac136bd67e2e47cde1814b747b26c35769e20e4f8f60698afdf5bc32c6
Karen,Roach,55,bcfc1831c79c78ac6cad33477b372c2e8d7a0ecc1ccdf3747889479f14d03bbb
James,Williams,58,51ec36b8ec13d4d8350ce7bc94d97a67fff05bd1cc4c10945e37482cb2f32008
Ronald,Young,19,945461cfefe5d7bc54c85377b759b15cdfa3ba41f59115aa2a57ae9690f0e78a
Emily,Cook,60,e8b1e68c55caff6c64e7e43110ae2010520171a844c3bc87cc56ee7e92704bf9
Christina,Chang,63,2968e9c480f988a4d6ad804204fb52ee7e32789ddef9172f697029358ea97550
Darrell,Kim,37,ef6debe09e6a4d1d6121f2832712b4783a3d9fce922d154e8fc79844c0b100f2
Emily,Giles,71,97dcb8c7ae24fb8b6d8322941add47ee1cad00bf122e4a48e657e744c8b692de
Laura,Duffy,21,8aa03d6a1249241dc3da979abee8b9b4e62e529c0f52781c00f8d22af615672a
Terry,Morgan,50,ac69fd13cb6d9f9d24e7ea297633cf1d0d65580e61638addd31ccd6997883ee2
Lindsay,Carlson,43,8c32d0c8106ef93b46ee30aa03b7be8ce06614e8d80a8665a3d57f7657cb42ea
Katie,Pham,82,5cba01ac0054b7370b089eedc4e21af4256eb8a254d8525ac6110f5d04f96fc7
Katherine,Alvarado,33,ccd050f2c99db318e69a47da56e96119a2e7bd3acf923e41ab76ee06906670e5
Lindsey,Matthews,68,6ba2614f9ac57724d71386488b46a7abe6038afb28c9341f22a7ba718007a5fd
Jill,Gonzalez,27,604d9974b61ad764e7a7d81fd41af32d01237ec757322cf093e3915c7da4a722
Thomas,Brown,66,04b0d2f1b563a455d55b2f2c24ef86564f1146630fc7d392e657ecf5f47303da
Catherine,Rogers,52,2c3efee8d4682cff4081bebf3aecc9504c6a209b1f5dd11198f0c8c05904a05c
Theresa,Pearson,32,3fb1d502ed1a7ed9443ebc9f1653af314e3236b895734c921cfa0a7f29ff7987
George,Allen,77,62f6177ea41275a267773d2aaf9ce3116f807c5ccd1388aa76f6756e1b2e7b7c
Lance,Morris,41,263ee78faab061a9fa6920061fb8e7e54780ea3f6a2e1d52dc7e75b2aa034b51
Sarah,Bowen,18,567824dae4c2e4c405d351f31ffee840bc6446fe24028aa45e58d5ba57506db1
Patricia,Dalton,32,28df6f9048dcfc9b9ce915b0fd46e8d4e12f4f9b4c349b8cccfe1c7368f00994
Caroline,Jones,46,3a6062ebeda6c9307d4ef263f65d15aea04730e54f3a26b985d8961841ee8f75
Jessica,Roberts,43,b8435c8d657d47b94de0ff0d366c630c15142b8aa147bf3bc1eca1952affa5e7
Daniel,Bird,25,b342b63ed4fafd580a8d31708019c2595e62ad4682113cbfc8dde9c1716e7009
Wesley,Campbell,44,f591999d7f8ec17ef3e99560f60102fc3ebd93b66c39b33f51860622aaf5b7be
Emma,Espinoza,34,e8c7f1d1990da9929f180ff5280486236805d0a41cd65dbdb0e453d75714c66f
Jessica,Ray,81,dc60d04a8dc8bed6e7cf841c94de86137cbd99a1a86ffd2f0f180c9515e6281f
Sandra,Warren,76,76d7db53460d91da6cce27f6f9227a950e2bf4e9d78c483c3eaf2b6abd387ed9
Allison,Moore,83,0bf5b0e1409b40105b23dd74b4bb3f232f36643b6c1b85b7e1565edc513d5bbc
Louis,Garcia,28,0e975a2f3a49134172b56e70ae9ed97edc6032cdcec5aa6c69a103e39fffaee2
Christopher,Larson,81,b210dfc8e8f22d86821664c159da516ab99e031317da94307787d797f0f34c91
Chelsey,Chambers,74,90b44c2d117328433c106eaf1532bd449d354cbcf53366d61e8d5d45898dd879
Suzanne,Greer,74,730d1cba950e70eb442c806d22d7d1f558d3542a041b2b2f0293ddd37dd7a861
Edward,Boone,27,5713863779fcf0af88db5c5f29ef240acb4e276ce1b3101f8a562d57cf1b19a6
Travis,Santos,63,463186c9287ccb8ebc55a6fc8b79b2a91be13824f20d0a46292d52bc569e61fa
Phyllis,Smith,39,bdf3385004b131efe5e66611341a798dc8c8d858c3e61c5182afa62c8a58cf40
Dana,Smith,24,29b347544f3acaa5517beda85074d93d101375b9ce4c1e3c260d19114a2cad14
Mike,Henderson,75,6714c4b4d8d87313c13d0941ece8a01bba7045d08278346a3560cf17ec907cf1
Rachel,Newman,18,bfd1ca4f5f9c54319b10ff88ac3e9d65acc5e3ab723f608774186cbe97e193c2
Katie,Anderson,52,37e318b6b6e9a395020c029034ed5843d065cb1ab4cfe722573a72d9bcf999c6
Kelly,King,35,fb26ce2ab03d29fbac4efcc0f410a75a38ec1f1a33a7a3e15e3e95436a6c52d6
Jeffrey,Giles,62,ecc86baf2b2fc838cfcb9e28582d60bcd50198d162c1d8940e5e36fb90a6e426
Wesley,Doyle,68,72ec5f9303dc3ec1e1a2a32b343aa7d1eea163b860db2aa7f8c5a4ee86fa0b0d
Mark,Stokes,31,7c53550453efa250da04c9de247f771a5cf5bd1514e3ead5a123822c19f639ba
Sergio,Mitchell,76,3ff357e11bda6193e32714678b32cb0fc79df88d493c7e6172afcffdf3a71596
Chelsea,Gordon,27,fc65ef538da5d1302a911bd3e48cae48a90bf66eb1d535c4f04e617511b312e7
Angela,Francis,25,a0d68b44f8311455923dc7083960713ee1edded622b02086a8b2177467cc8999
Cheryl,Lamb,30,531d049f3a087ce55e01242f50b0c648574460ab7a49c768f0418b1083e21482
Andre,Walker,26,6903eff7e319f680ba9df077cd15c7be0054e2bcc4e0e14695b2c6661d47f11d
Marcus,Wilson,47,0264da7c3fe8df0aa3eafab0d64701b4e11bb8bf17c7120d20f4e93b31cda6f9
Leah,Griffin,69,1db271baae0ca23a069483b01b2e47a8b83c8fdfc2565090b49345675a78294d
Christopher,Holmes,64,264e5bf3709a29f10f4f50d0bad0e431e8c7af9af41382df3262f392d4716637
William,Bowen,35,cfbb8767493932187ca093a110386575cba431adc11da035b027977cb757e41f
Tina,Powell,31,465f2e6c85402204e4ed74e3529a439d5db94ecade04b45ee056f882b0970e9d
Evelyn,Nelson,19,2700ddac136bd67e2e47cde1814b747b26c35769e20e4f8f60698afdf5bc32c6
Melissa,Gomez,28,bcfc1831c79c78ac6cad33477b372c2e8d7a0ecc1ccdf3747889479f14d03bbb
Pamela,Beltran,20,51ec36b8ec13d4d8350ce7bc94d97a67fff05bd1cc4c10945e37482cb2f32008
David,Matthews,20,945461cfefe5d7bc54c85377b759b15cdfa3ba41f59115aa2a57ae9690f0e78a
Jonathan,Jones,68,e8b1e68c55caff6c64e7e43110ae2010520171a844c3bc87cc56ee7e92704bf9
Mrs.,Laura,35,2968e9c480f988a4d6ad804204fb52ee7e32789ddef9172f697029358ea97550
Keith,Anderson,59,ef6debe09e6a4d1d6121f2832712b4783a3d9fce922d154e8fc79844c0b100f2
William,Vang,28,97dcb8c7ae24fb8b6d8322941add47ee1cad00bf122e4a48e657e744c8b692de
Andrea,Diaz,64,8aa03d6a1249241dc3da979abee8b9b4e62e529c0f52781c00f8d22af615672a
Robert,House,30,ac69fd13cb6d9f9d24e7ea297633cf1d0d65580e61638addd31ccd6997883ee2
Sara,Hood,60,8c32d0c8106ef93b46ee30aa03b7be8ce06614e8d80a8665a3d57f7657cb42ea
George,Lowery,23,5cba01ac0054b7370b089eedc4e21af4256eb8a254d8525ac6110f5d04f96fc7
Holly,Moran,61,ccd050f2c99db318e69a47da56e96119a2e7bd3acf923e41ab76ee06906670e5
Jason,Garcia,75,6ba2614f9ac57724d71386488b46a7abe6038afb28c9341f22a7ba718007a5fd
Mr.,William,27,604d9974b61ad764e7a7d81fd41af32d01237ec757322cf093e3915c7da4a722
Lauren,Russell,33,04b0d2f1b563a455d55b2f2c24ef86564f1146630fc7d392e657ecf5f47303da
Mark,Herman,35,2c3efee8d4682cff4081bebf3aecc9504c6a209b1f5dd11198f0c8c05904a05c
Antonio,Lambert,67,3fb1d502ed1a7ed9443ebc9f1653af314e3236b895734c921cfa0a7f29ff7987
Alexander,Shannon,30,62f6177ea41275a267773d2aaf9ce3116f807c5ccd1388aa76f6756e1b2e7b7c
Kathryn,Werner,72,263ee78faab061a9fa6920061fb8e7e54780ea3f6a2e1d52dc7e75b2aa034b51
Jennifer,Young,36,567824dae4c2e4c405d351f31ffee840bc6446fe24028aa45e58d5ba57506db1
Beth,Smith,79,28df6f9048dcfc9b9ce915b0fd46e8d4e12f4f9b4c349b8cccfe1c7368f00994
Brian,Armstrong,54,3a6062ebeda6c9307d4ef263f65d15aea04730e54f3a26b985d8961841ee8f75
Lisa,Galvan,61,b8435c8d657d47b94de0ff0d366c630c15142b8aa147bf3bc1eca1952affa5e7
Justin,Meadows,48,b342b63ed4fafd580a8d31708019c2595e62ad4682113cbfc8dde9c1716e7009
Eugene,Murray,37,f591999d7f8ec17ef3e99560f60102fc3ebd93b66c39b33f51860622aaf5b7be
Kristin,Williamson,57,e8c7f1d1990da9929f180ff5280486236805d0a41cd65dbdb0e453d75714c66f
Luis,Torres,58,dc60d04a8dc8bed6e7cf841c94de86137cbd99a1a86ffd2f0f180c9515e6281f
Richard,Cruz,41,76d7db53460d91da6cce27f6f9227a950e2bf4e9d78c483c3eaf2b6abd387ed9
Chad,Jones,62,0bf5b0e1409b40105b23dd74b4bb3f232f36643b6c1b85b7e1565edc513d5bbc
Patricia,Graham,53,0e975a2f3a49134172b56e70ae9ed97edc6032cdcec5aa6c69a103e39fffaee2
Erica,Watts,67,b210dfc8e8f22d86821664c159da516ab99e031317da94307787d797f0f34c91
Russell,Mitchell,57,90b44c2d117328433c106eaf1532bd449d354cbcf53366d61e8d5d45898dd879
Jeffrey,Terry,47,730d1cba950e70eb442c806d22d7d1f558d3542a041b2b2f0293ddd37dd7a861
Claudia,Fields,49,5713863779fcf0af88db5c5f29ef240acb4e276ce1b3101f8a562d57cf1b19a6
Claudia,Miller,27,463186c9287ccb8ebc55a6fc8b79b2a91be13824f20d0a46292d52bc569e61fa
Joel,Brown,64,bdf3385004b131efe5e66611341a798dc8c8d858c3e61c5182afa62c8a58cf40
William,Wilson,70,29b347544f3acaa5517beda85074d93d101375b9ce4c1e3c260d19114a2cad14
Raymond,Mayo,80,6714c4b4d8d87313c13d0941ece8a01bba7045d08278346a3560cf17ec907cf1
Alicia,Jones,69,bfd1ca4f5f9c54319b10ff88ac3e9d65acc5e3ab723f608774186cbe97e193c2
Eric,Johnson,84,37e318b6b6e9a395020c029034ed5843d065cb1ab4cfe722573a72d9bcf999c6
Heather,Hoffman,59,fb26ce2ab03d29fbac4efcc0f410a75a38ec1f1a33a7a3e15e3e95436a6c52d6
Tara,Gaines,69,ecc86baf2b2fc838cfcb9e28582d60bcd50198d162c1d8940e5e36fb90a6e426
Andrea,Stevens,43,72ec5f9303dc3ec1e1a2a32b343aa7d1eea163b860db2aa7f8c5a4ee86fa0b0d
Tina,Tucker,76,7c53550453efa250da04c9de247f771a5cf5bd1514e3ead5a123822c19f639ba
Denise,Zuniga,43,3ff357e11bda6193e32714678b32cb0fc79df88d493c7e6172afcffdf3a71596
Michael,Garrett,75,fc65ef538da5d1302a911bd3e48cae48a90bf66eb1d535c4f04e617511b312e7
Jason,Jones,54,a0d68b44f8311455923dc7083960713ee1edded622b02086a8b2177467cc8999
Seth,Bowman,44,531d049f3a087ce55e01242f50b0c648574460ab7a49c768f0418b1083e21482
Thomas,Gibbs,68,6903eff7e319f680ba9df077cd15c7be0054e2bcc4e0e14695b2c6661d47f11d
Pamela,Alexander,25,0264da7c3fe8df0aa3eafab0d64701b4e11bb8bf17c7120d20f4e93b31cda6f9
Kenneth,Huerta,53,1db271baae0ca23a069483b01b2e47a8b83c8fdfc2565090b49345675a78294d
Jennifer,Johnson,30,264e5bf3709a29f10f4f50d0bad0e431e8c7af9af41382df3262f392d4716637
Larry,Callahan,30,cfbb8767493932187ca093a110386575cba431adc11da035b027977cb757e41f
Emily,Ellis,82,465f2e6c85402204e4ed74e3529a439d5db94ecade04b45ee056f882b0970e9d
Pamela,Brown,71,2700ddac136bd67e2e47cde1814b747b26c35769e20e4f8f60698afdf5bc32c6
Dr.,Sarah,83,bcfc1831c79c78ac6cad33477b372c2e8d7a0ecc1ccdf3747889479f14d03bbb
Robert,Oneal,22,51ec36b8ec13d4d8350ce7bc94d97a67fff05bd1cc4c10945e37482cb2f32008
Brett,Evans,44,945461cfefe5d7bc54c85377b759b15cdfa3ba41f59115aa2a57ae9690f0e78a
Paul,Brooks,40,e8b1e68c55caff6c64e7e43110ae2010520171a844c3bc87cc56ee7e92704bf9
Steve,Johnson,20,2968e9c480f988a4d6ad804204fb52ee7e32789ddef9172f697029358ea97550
Anne,Howard,54,ef6debe09e6a4d1d6121f2832712b4783a3d9fce922d154e8fc79844c0b100f2
James,Hardy,72,97dcb8c7ae24fb8b6d8322941add47ee1cad00bf122e4a48e657e744c8b692de
Craig,Wood,69,8aa03d6a1249241dc3da979abee8b9b4e62e529c0f52781c00f8d22af615672a
Derrick,Haynes,61,ac69fd13cb6d9f9d24e7ea297633cf1d0d65580e61638addd31ccd6997883ee2
Amanda,Green,72,8c32d0c8106ef93b46ee30aa03b7be8ce06614e8d80a8665a3d57f7657cb42ea
Ralph,Mendoza,26,5cba01ac0054b7370b089eedc4e21af4256eb8a254d8525ac6110f5d04f96fc7
Victor,Wilson,24,ccd050f2c99db318e69a47da56e96119a2e7bd3acf923e41ab76ee06906670e5
Michael,Parker,59,6ba2614f9ac57724d71386488b46a7abe6038afb28c9341f22a7ba718007a5fd
Eric,Ashley,47,604d9974b61ad764e7a7d81fd41af32d01237ec757322cf093e3915c7da4a722
Kendra,Hernandez,82,04b0d2f1b563a455d55b2f2c24ef86564f1146630fc7d392e657ecf5f47303da
Jose,Richardson,44,2c3efee8d4682cff4081bebf3aecc9504c6a209b1f5dd11198f0c8c05904a05c
Crystal,Cantu,58,3fb1d502ed1a7ed9443ebc9f1653af314e3236b895734c921cfa0a7f29ff7987
Monica,Carter,46,62f6177ea41275a267773d2aaf9ce3116f807c5ccd1388aa76f6756e1b2e7b7c
Jennifer,Sanchez,78,263ee78faab061a9fa6920061fb8e7e54780ea3f6a2e1d52dc7e75b2aa034b51
Mrs.,Molly,20,567824dae4c2e4c405d351f31ffee840bc6446fe24028aa45e58d5ba57506db1
Anthony,Rice,20,28df6f9048dcfc9b9ce915b0fd46e8d4e12f4f9b4c349b8cccfe1c7368f00994
Margaret,Rodriguez,61,3a6062ebeda6c9307d4ef263f65d15aea04730e54f3a26b985d8961841ee8f75
Paul,Bowers,21,b8435c8d657d47b94de0ff0d366c630c15142b8aa147bf3bc1eca1952affa5e7
Patricia,Riley,68,b342b63ed4fafd580a8d31708019c2595e62ad4682113cbfc8dde9c1716e7009
Jasmine,Pierce,36,f591999d7f8ec17ef3e99560f60102fc3ebd93b66c39b33f51860622aaf5b7be
Brianna,Hernandez,81,e8c7f1d1990da9929f180ff5280486236805d0a41cd65dbdb0e453d75714c66f
John,Allen,65,dc60d04a8dc8bed6e7cf841c94de86137cbd99a1a86ffd2f0f180c9515e6281f
Jack,Torres,53,76d7db53460d91da6cce27f6f9227a950e2bf4e9d78c483c3eaf2b6abd387ed9
Cassandra,Mitchell,40,0bf5b0e1409b40105b23dd74b4bb3f232f36643b6c1b85b7e1565edc513d5bbc
Cory,Meyers,67,0e975a2f3a49134172b56e70ae9ed97edc6032cdcec5aa6c69a103e39fffaee2
Heather,Roberson,23,b210dfc8e8f22d86821664c159da516ab99e031317da94307787d797f0f34c91
Nicholas,Nielsen,60,90b44c2d117328433c106eaf1532bd449d354cbcf53366d61e8d5d45898dd879
Casey,Curry,49,730d1cba950e70eb442c806d22d7d1f558d3542a041b2b2f0293ddd37dd7a861
Alexandra,Rivera,26,5713863779fcf0af88db5c5f29ef240acb4e276ce1b3101f8a562d57cf1b19a6
Morgan,Randall,49,463186c9287ccb8ebc55a6fc8b79b2a91be13824f20d0a46292d52bc569e61fa
Jasmine,Jackson,68,bdf3385004b131efe5e66611341a798dc8c8d858c3e61c5182afa62c8a58cf40
Robert,Austin,35,29b347544f3acaa5517beda85074d93d101375b9ce4c1e3c260d19114a2cad14
Monique,Dalton,75,6714c4b4d8d87313c13d0941ece8a01bba7045d08278346a3560cf17ec907cf1
Matthew,Nelson,73,bfd1ca4f5f9c54319b10ff88ac3e9d65acc5e3ab723f608774186cbe97e193c2
Laurie,Morgan,80,37e318b6b6e9a395020c029034ed5843d065cb1ab4cfe722573a72d9bcf999c6
Robin,Atkinson,40,fb26ce2ab03d29fbac4efcc0f410a75a38ec1f1a33a7a3e15e3e95436a6c52d6
Randy,Dodson,82,ecc86baf2b2fc838cfcb9e28582d60bcd50198d162c1d8940e5e36fb90a6e426
Ryan,Butler,38,72ec5f9303dc3ec1e1a2a32b343aa7d1eea163b860db2aa7f8c5a4ee86fa0b0d
Emily,Ashley,37,7c53550453efa250da04c9de247f771a5cf5bd1514e3ead5a123822c19f639ba
Eric,Freeman,32,3ff357e11bda6193e32714678b32cb0fc79df88d493c7e6172afcffdf3a71596
Faith,Grant,85,fc65ef538da5d1302a911bd3e48cae48a90bf66eb1d535c4f04e617511b312e7
John,Maldonado,46,a0d68b44f8311455923dc7083960713ee1edded622b02086a8b2177467cc8999
Kaylee,Flores,82,531d049f3a087ce55e01242f50b0c648574460ab7a49c768f0418b1083e21482
Patricia,Hernandez,61,6903eff7e319f680ba9df077cd15c7be0054e2bcc4e0e14695b2c6661d47f11d
Gary,Arias,19,0264da7c3fe8df0aa3eafab0d64701b4e11bb8bf17c7120d20f4e93b31cda6f9
Louis,Carroll,23,1db271baae0ca23a069483b01b2e47a8b83c8fdfc2565090b49345675a78294d
Kathleen,Campos,18,264e5bf3709a29f10f4f50d0bad0e431e8c7af9af41382df3262f392d4716637
Christopher,Kennedy,45,cfbb8767493932187ca093a110386575cba431adc11da035b027977cb757e41f
John,Weeks,31,465f2e6c85402204e4ed74e3529a439d5db94ecade04b45ee056f882b0970e9d
Madison,Davis,76,2700ddac136bd67e2e47cde1814b747b26c35769e20e4f8f60698afdf5bc32c6
Cheryl,Coleman,20,bcfc1831c79c78ac6cad33477b372c2e8d7a0ecc1ccdf3747889479f14d03bbb
Christopher,Gutierrez,57,51ec36b8ec13d4d8350ce7bc94d97a67fff05bd1cc4c10945e37482cb2f32008
Laurie,Moyer,49,945461cfefe5d7bc54c85377b759b15cdfa3ba41f59115aa2a57ae9690f0e78a
Jeffrey,Stevens,22,e8b1e68c55caff6c64e7e43110ae2010520171a844c3bc87cc56ee7e92704bf9
Stephanie,Williams,34,2968e9c480f988a4d6ad804204fb52ee7e32789ddef9172f697029358ea97550
Meredith,Berger,27,ef6debe09e6a4d1d6121f2832712b4783a3d9fce922d154e8fc79844c0b100f2
Travis,Reese,31,97dcb8c7ae24fb8b6d8322941add47ee1cad00bf122e4a48e657e744c8b692de
Dean,Flores,84,8aa03d6a1249241dc3da979abee8b9b4e62e529c0f52781c00f8d22af615672a
John,Anderson,70,ac69fd13cb6d9f9d24e7ea297633cf1d0d65580e61638addd31ccd6997883ee2
Donna,Benton,52,8c32d0c8106ef93b46ee30aa03b7be8ce06614e8d80a8665a3d57f7657cb42ea
Tina,Pena,38,5cba01ac0054b7370b089eedc4e21af4256eb8a254d8525ac6110f5d04f96fc7
Jill,Jackson,27,ccd050f2c99db318e69a47da56e96119a2e7bd3acf923e41ab76ee06906670e5
Paul,Jones,76,6ba2614f9ac57724d71386488b46a7abe6038afb28c9341f22a7ba718007a5fd
Amy,Gomez,36,604d9974b61ad764e7a7d81fd41af32d01237ec757322cf093e3915c7da4a722
Mr.,Paul,63,04b0d2f1b563a455d55b2f2c24ef86564f1146630fc7d392e657ecf5f47303da
Carol,Holland,77,2c3efee8d4682cff4081bebf3aecc9504c6a209b1f5dd11198f0c8c05904a05c
Megan,Ross,33,3fb1d502ed1a7ed9443ebc9f1653af314e3236b895734c921cfa0a7f29ff7987
Pamela,Collins,56,62f6177ea41275a267773d2aaf9ce3116f807c5ccd1388aa76f6756e1b2e7b7c
Kim,Conrad,76,263ee78faab061a9fa6920061fb8e7e54780ea3f6a2e1d52dc7e75b2aa034b51
Matthew,Contreras,49,567824dae4c2e4c405d351f31ffee840bc6446fe24028aa45e58d5ba57506db1
Bradley,Tucker,75,28df6f9048dcfc9b9ce915b0fd46e8d4e12f4f9b4c349b8cccfe1c7368f00994
Amy,Hamilton,82,3a6062ebeda6c9307d4ef263f65d15aea04730e54f3a26b985d8961841ee8f75
Daniel,Smith,84,b8435c8d657d47b94de0ff0d366c630c15142b8aa147bf3bc1eca1952affa5e7
Dominic,Salinas,72,b342b63ed4fafd580a8d31708019c2595e62ad4682113cbfc8dde9c1716e7009
Nicole,Mosley,69,f591999d7f8ec17ef3e99560f60102fc3ebd93b66c39b33f51860622aaf5b7be
Angela,Hodges,22,e8c7f1d1990da9929f180ff5280486236805d0a41cd65dbdb0e453d75714c66f
Mrs.,Dana,35,dc60d04a8dc8bed6e7cf841c94de86137cbd99a1a86ffd2f0f180c9515e6281f
Noah,Williams,26,76d7db53460d91da6cce27f6f9227a950e2bf4e9d78c483c3eaf2b6abd387ed9
Mario,Hughes,20,0bf5b0e1409b40105b23dd74b4bb3f232f36643b6c1b85b7e1565edc513d5bbc
Brenda,Castro,62,0e975a2f3a49134172b56e70ae9ed97edc6032cdcec5aa6c69a103e39fffaee2
Barbara,Hines,20,b210dfc8e8f22d86821664c159da516ab99e031317da94307787d797f0f34c91
Gregory,Delgado,42,90b44c2d117328433c106eaf1532bd449d354cbcf53366d61e8d5d45898dd879
William,Francis,22,730d1cba950e70eb442c806d22d7d1f558d3542a041b2b2f0293ddd37dd7a861
Pamela,Mckinney,75,5713863779fcf0af88db5c5f29ef240acb4e276ce1b3101f8a562d57cf1b19a6
Tracy,Bishop,42,463186c9287ccb8ebc55a6fc8b79b2a91be13824f20d0a46292d52bc569e61fa
Mary,Lucas,64,bdf3385004b131efe5e66611341a798dc8c8d858c3e61c5182afa62c8a58cf40
Melanie,Myers,74,29b347544f3acaa5517beda85074d93d101375b9ce4c1e3c260d19114a2cad14
Bianca,Ball,40,6714c4b4d8d87313c13d0941ece8a01bba7045d08278346a3560cf17ec907cf1
Sarah,Chavez,51,bfd1ca4f5f9c54319b10ff88ac3e9d65acc5e3ab723f608774186cbe97e193c2
Jesse,Boyd,51,37e318b6b6e9a395020c029034ed5843d065cb1ab4cfe722573a72d9bcf999c6
John,Taylor,83,fb26ce2ab03d29fbac4efcc0f410a75a38ec1f1a33a7a3e15e3e95436a6c52d6
Eric,Beltran,62,ecc86baf2b2fc838cfcb9e28582d60bcd50198d162c1d8940e5e36fb90a6e426
Lisa,Gutierrez,24,72ec5f9303dc3ec1e1a2a32b343aa7d1eea163b860db2aa7f8c5a4ee86fa0b0d
Dr.,Donna,39,7c53550453efa250da04c9de247f771a5cf5bd1514e3ead5a123822c19f639ba
Eugene,Anderson,68,3ff357e11bda6193e32714678b32cb0fc79df88d493c7e6172afcffdf3a71596
Tiffany,Solomon,80,fc65ef538da5d1302a911bd3e48cae48a90bf66eb1d535c4f04e617511b312e7
Adrian,Walter,38,a0d68b44f8311455923dc7083960713ee1edded622b02086a8b2177467cc8999
Jimmy,Brown,41,531d049f3a087ce55e01242f50b0c648574460ab7a49c768f0418b1083e21482
Jason,Smith,79,6903eff7e319f680ba9df077cd15c7be0054e2bcc4e0e14695b2c6661d47f11d
Travis,Blevins,76,0264da7c3fe8df0aa3eafab0d64701b4e11bb8bf17c7120d20f4e93b31cda6f9
Amy,Watts,71,1db271baae0ca23a069483b01b2e47a8b83c8fdfc2565090b49345675a78294d
Holly,Fletcher,51,264e5bf3709a29f10f4f50d0bad0e431e8c7af9af41382df3262f392d4716637
Timothy,Warren,34,cfbb8767493932187ca093a110386575cba431adc11da035b027977cb757e41f
Denise,Green,59,465f2e6c85402204e4ed74e3529a439d5db94ecade04b45ee056f882b0970e9d
Hunter,Young,21,2700ddac136bd67e2e47cde1814b747b26c35769e20e4f8f60698afdf5bc32c6
Donald,Chapman,50,bcfc1831c79c78ac6cad33477b372c2e8d7a0ecc1ccdf3747889479f14d03bbb
Tonya,Brown,21,51ec36b8ec13d4d8350ce7bc94d97a67fff05bd1cc4c10945e37482cb2f32008
Brandi,Garcia,73,945461cfefe5d7bc54c85377b759b15cdfa3ba41f59115aa2a57ae9690f0e78a
