name,surname,age,id
Kristine,Bowman,19,00196bf89518161241d405622cfefa2cc3a02a1175b0133d9ca8d5d064e77981
Marcus,Pruitt,49,875d234d8e6e4328aa54242aecbc5423ca3561cee28b6a420a33daee1109a261
Barbara,Freeman,67,de2d17e8d7782fbfb6f7ddd746954ae25dd3d5a7e6de4df429caa57f79474e48
Jennifer,Lee,36,de1c4d40bdb618664ce29c7edd6b329218b0c8ff01c18ab446755b38ab363d05
David,Taylor,67,04b0d2f1b563a455d55b2f2c24ef86564f1146630fc7d392e657ecf5f47303da
Sara,Johnson,70,211005c29462004762fe6e69cc516cd75c13e98f93b07101d16b1ad6cd65d5db
John,Harris,48,0bf340c716089d015fbbc05fdf0c907f56154b190b23da6f9706615ffabd6c20
David,Melton,36,2c3efee8d4682cff4081bebf3aecc9504c6a209b1f5dd11198f0c8c05904a05c
Wayne,Long,49,34f309ebafbd1c46b5c4832f63321a10330835a5ae323952419439b69633bb2c
Adam,Kim,81,da70cbe08c47605cf8bbda6ab9900b98194970d1900c8411a34db87da36fb3e1
Jason,Torres,79,5089b27d79376c8e223f1ab0e53832c8389359c010d47a0d418accf1d078dc90
Margaret,Aguilar,25,cb58245b5903b1c02536c9f487c099015c1cc29405bce7107a6b99c1ccb81f0c
Valerie,Arnold,67,6ba2614f9ac57724d71386488b46a7abe6038afb28c9341f22a7ba718007a5fd
Matthew,Pearson,38,e35c34d58fa35f2110b059882a34703d132552a4ad408eac3f82f15aeb165f0f
Toni,Arnold,31,ab71bb05a5b0620dfec3779eead19d2c121cb73ee58e51cc7306d0dc5ff471c0
Heather,Dudley,73,2dec74f10fd12d8dcb28cb05ff058b4e4134ecb58d0e515c888f0611ca794339
Morgan,Anderson,60,60d7444027a1c798fc55910e26c58d7ad905abfbc664c1a22f8d5ab3e4a514d1
Lori,Smith,25,3fb1d502ed1a7ed9443ebc9f1653af314e3236b895734c921cfa0a7f29ff7987
Megan,Spencer,45,9579a14e6bc7513e8f1d136955d4632a47d8d4b71f9d6df47229f2dc87681acc
Jonathan,Dyer,25,293f05ee00257002e751596356366a729100d8c170a5cc5a4ce9021d3903f86d
Carolyn,Dixon,74,2d2c4f941b8db05f097e07a248114ab0d63eba8f0858525f755edf9b48359f61
Dana,Vaughn,24,f2347ae91d4d8b7aaee066528005e823bad55bd702b10cbcbd8b49dc0d1e474b
Jessica,Patel,43,f390cda1487a0b9b3bdce0b0e696677ce08b16afd153be4f1f3f58cbf8a0dd9b
Christine,Espinoza,79,2fc53446393a92f7d64b3f97168aff903d9795498ac00f5b2d9ec5faef79bc20
Teresa,Ward,85,b0c085513cbd5b4960e53adb2d3bbf7f3996fd6bef087e77b05c48e1796c7db6
Danielle,Howell,80,9a399f6a1e22d370d1c55186c5542c85d6019379e68d1e5d30b72346a5541d76
Caleb,Johnson,25,159108ee6a3d671ada28d968f4b16b15f8d2811cbb8664b2ec04dc43b93076cd
Tyler,Cox,73,34f16237cac32a82724094222dd3b92bfe9f415864638071e144154d078d0af8
James,Pratt,41,b61be51a27d699f46b6dc7c3ac594783101f5e728f9cf6df898e44fc48021942
Kendra,Thompson,46,3031668b59aedab1fd81af2306016fa09a7089c77cc76492749fbccc2acf40f4
Jason,Adams,79,a0b233062429d92e0bd04c0ae2c3e990d2919ede768c7da50ea2b706f7734597
Jeffrey,Peterson,76,9cdadc1c345c17336210079096c372a7faaae0268e4725edbb031e4a19a4bc45
Ross,Douglas,59,576f4e50b1cbeb488c89bd28bd1697a1ad48fa0a5f4df857a844657e61f4487a
Jean,Turner,58,8dae6537bfb64a92cc91539ce9e76abf729f60592a9c503300905130afaacef4
Hector,Clayton,26,10305fdb9613b698a9fe8a26468564ebe15ba01eb870994739180ffc51440c31
Chelsea,Watson,19,87b7f4fb4e9168b8c46dc5195ae75b68b2c2aeae6d7c36a6d2738280a2940f04
Ricardo,Calderon,85,1dd5410f5671c2bf94ded7b096b6f6373c9ba84efe6b9a127c0dbcb43f0e30e4
Lori,Marks,19,9bc0db533b9248a8b3a7ac151f273fe01f25ad72b394dd5cc6ef9bd6558eb707
Shannon,Caldwell,40,df4e954114d147be364d17d580cda1214ff694b614bdf76baa0a640d5bda74d3
Kayla,Elliott,25,604d9974b61ad764e7a7d81fd41af32d01237ec757322cf093e3915c7da4a722
Shelly,Castaneda,60,90126024c75d0fb7c3a6850d53f4a85b1d43de0b07ed8cf3c3c62d23fca1d581
Michael,Sanchez,58,3a28c31c72ee5a22bc4187fb5f60480f686e361aa66d1b1860796e2d06872eb8
Rebecca,Powell,53,5d27068e1c7dfc3b15753febddce2cdd9b134fc935274892ac15281b991680f5
Ashley,Davis,42,8aab5d71757708aeac451ffedfdecbcfffb8cdbdf5a07bdce397ed2ba7d6d8e3
Travis,Vega,22,70160845dc32f6cf61d614fa8a296d0e95a981d48325a57bcc73c9996bac7109
Dean,Carrillo,71,0e2192e79961a6572131429c9adbbae2a25b051a490e170913fb36bdb762f862
Lori,Anderson,24,de763cd0639eb74b561ece65a2c0a429621885a08b5df9add8ad145580324086
Sara,Figueroa,63,0688b84e32727db6b059780dcb8589e7f47ba324f4014fdb4b0b48157f3b1d5e
Kevin,Lee,28,5be9efc032b42417bbd359b39b765e53a0844ef847243de15fb0504ff02cc7f1
Allison,Mckinney,61,3eb963958375e460c9a8d0ce3aaf90a3eef814f4a3eeacd593854d5dab10d240
Darrell,Johnson,73,7e5b534ced67c554d8561ec2ee41db3d55ec5f8d4170a3eebd4cdcfb352cf483
Dr.,Gary,20,bc055ec1e9bc9d1acdaa4ed4fc4ca01144db60736ea434ddc2ebf83346524c2a
Evan,Molina,53,152a8a41c66210536aa391aa10ed67211ae5b45fbb18c049a07c3d5eb24d1bbd
Timothy,Grant,42,12f1b2047d523ae00ab71b5339aa71b466bc846c96199fa9f767b48f30ac3656
Richard,Porter,82,8ceacd1ad73380234615af1f2fe93ee5235a511ce55578068ce3b9113bef34e4
Dylan,Russell,47,00196bf89518161241d405622cfefa2cc3a02a1175b0133d9ca8d5d064e77981
Jimmy,Jenkins,19,875d234d8e6e4328aa54242aecbc5423ca3561cee28b6a420a33daee1109a261
Adam,Phillips,31,de2d17e8d7782fbfb6f7ddd746954ae25dd3d5a7e6de4df429caa57f79474e48
William,Hubbard,30,de1c4d40bdb618664ce29c7edd6b329218b0c8ff01c18ab446755b38ab363d05
Allison,Tucker,75,04b0d2f1b563a455d55b2f2c24ef86564f1146630fc7d392e657ecf5f47303da
Roberta,Davis,68,211005c29462004762fe6e69cc516cd75c13e98f93b07101d16b1ad6cd65d5db
Andrew,Moreno,20,0bf340c716089d015fbbc05fdf0c907f56154b190b23da6f9706615ffabd6c20
David,Hancock,31,2c3efee8d4682cff4081bebf3aecc9504c6a209b1f5dd11198f0c8c05904a05c
Erin,Gill,62,34f309ebafbd1c46b5c4832f63321a10330835a5ae323952419439b69633bb2c
Melanie,Garcia,18,da70cbe08c47605cf8bbda6ab9900b98194970d1900c8411a34db87da36fb3e1
Katherine,Dunlap,83,5089b27d79376c8e223f1ab0e53832c8389359c010d47a0d418accf1d078dc90
Daniel,Wright,41,cb58245b5903b1c02536c9f487c099015c1cc29405bce7107a6b99c1ccb81f0c
Matthew,Huffman,18,6ba2614f9ac57724d71386488b46a7abe6038afb28c9341f22a7ba718007a5fd
Michael,Arellano,56,e35c34d58fa35f2110b059882a34703d132552a4ad408eac3f82f15aeb165f0f
Derek,Mitchell,80,ab71bb05a5b0620dfec3779eead19d2c121cb73ee58e51cc7306d0dc5ff471c0
Clayton,Lyons,32,2dec74f10fd12d8dcb28cb05ff058b4e4134ecb58d0e515c888f0611ca794339
Todd,Green,26,60d7444027a1c798fc55910e26c58d7ad905abfbc664c1a22f8d5ab3e4a514d1
Timothy,Logan,81,3fb1d502ed1a7ed9443ebc9f1653af314e3236b895734c921cfa0a7f29ff7987
Thomas,Thomas,57,9579a14e6bc7513e8f1d136955d4632a47d8d4b71f9d6df47229f2dc87681acc
Sarah,Monroe,52,293f05ee00257002e751596356366a729100d8c170a5cc5a4ce9021d3903f86d
Andrew,Carter,63,2d2c4f941b8db05f097e07a248114ab0d63eba8f0858525f755edf9b48359f61
Edward,Johnson,35,f2347ae91d4d8b7aaee066528005e823bad55bd702b10cbcbd8b49dc0d1e474b
Heather,Booker,73,f390cda1487a0b9b3bdce0b0e696677ce08b16afd153be4f1f3f58cbf8a0dd9b
David,Brown,63,2fc53446393a92f7d64b3f97168aff903d9795498ac00f5b2d9ec5faef79bc20
Dawn,Lewis,63,b0c085513cbd5b4960e53adb2d3bbf7f3996fd6bef087e77b05c48e1796c7db6
Tyler,Pacheco,39,9a399f6a1e22d370d1c55186c5542c85d6019379e68d1e5d30b72346a5541d76
Stacey,Kemp,46,159108ee6a3d671ada28d968f4b16b15f8d2811cbb8664b2ec04dc43b93076cd
John,Mccall,68,34f16237cac32a82724094222dd3b92bfe9f415864638071e144154d078d0af8
Jesse,Lucas,66,b61be51a27d699f46b6dc7c3ac594783101f5e728f9cf6df898e44fc48021942
Andrew,Thompson,42,3031668b59aedab1fd81af2306016fa09a7089c77cc76492749fbccc2acf40f4
Cynthia,Hull,56,a0b233062429d92e0bd04c0ae2c3e990d2919ede768c7da50ea2b706f7734597
Jason,Williams,83,9cdadc1c345c17336210079096c372a7faaae0268e4725edbb031e4a19a4bc45
Jack,Stanley,46,576f4e50b1cbeb488c89bd28bd1697a1ad48fa0a5f4df857a844657e61f4487a
Joseph,Mejia,78,8dae6537bfb64a92cc91539ce9e76abf729f60592a9c503300905130afaacef4
John,Johnson,63,10305fdb9613b698a9fe8a26468564ebe15ba01eb870994739180ffc51440c31
Yolanda,Perez,35,87b7f4fb4e9168b8c46dc5195ae75b68b2c2aeae6d7c36a6d2738280a2940f04
Marvin,Oliver,81,1dd5410f5671c2bf94ded7b096b6f6373c9ba84efe6b9a127c0dbcb43f0e30e4
Brian,Wallace,73,9bc0db533b9248a8b3a7ac151f273fe01f25ad72b394dd5cc6ef9bd6558eb707
Richard,Anderson,42,df4e954114d147be364d17d580cda1214ff694b614bdf76baa0a640d5bda74d3
Lisa,Dunlap,74,604d9974b61ad764e7a7d81fd41af32d01237ec757322cf093e3915c7da4a722
Sara,Franklin,30,90126024c75d0fb7c3a6850d53f4a85b1d43de0b07ed8cf3c3c62d23fca1d581
Jessica,Allen,24,3a28c31c72ee5a22bc4187fb5f60480f686e361aa66d1b1860796e2d06872eb8
Rhonda,Brown,21,5d27068e1c7dfc3b15753febddce2cdd9b134fc935274892ac15281b991680f5
Kevin,Sanchez,48,8aab5d71757708aeac451ffedfdecbcfffb8cdbdf5a07bdce397ed2ba7d6d8e3
Jason,Robinson,65,70160845dc32f6cf61d614fa8a296d0e95a981d48325a57bcc73c9996bac7109
Derrick,Phillips,67,0e2192e79961a6572131429c9adbbae2a25b051a490e170913fb36bdb762f862
Darlene,Williams,42,de763cd0639eb74b561ece65a2c0a429621885a08b5df9add8ad145580324086
Crystal,Daugherty,62,0688b84e32727db6b059780dcb8589e7f47ba324f4014fdb4b0b48157f3b1d5e
William,Moore,57,5be9efc032b42417bbd359b39b765e53a0844ef847243de15fb0504ff02cc7f1
Brandon,Barnett,48,3eb963958375e460c9a8d0ce3aaf90a3eef814f4a3eeacd593854d5dab10d240
Kyle,Garcia,51,7e5b534ced67c554d8561ec2ee41db3d55ec5f8d4170a3eebd4cdcfb352cf483
Chad,Hobbs,46,bc055ec1e9bc9d1acdaa4ed4fc4ca01144db60736ea434ddc2ebf83346524c2a
Melinda,Ellis,49,152a8a41c66210536aa391aa10ed67211ae5b45fbb18c049a07c3d5eb24d1bbd
Derek,Cisneros,78,12f1b2047d523ae00ab71b5339aa71b466bc846c96199fa9f767b48f30ac3656
Elizabeth,Nunez,46,8ceacd1ad73380234615af1f2fe93ee5235a511ce55578068ce3b9113bef34e4
Cody,Berry,80,00196bf89518161241d405622cfefa2cc3a02a1175b0133d9ca8d5d064e77981
Elizabeth,Ballard,65,875d234d8e6e4328aa54242aecbc5423ca3561cee28b6a420a33daee1109a261
William,Beard,85,de2d17e8d7782fbfb6f7ddd746954ae25dd3d5a7e6de4df429caa57f79474e48
Michelle,Dudley,80,de1c4d40bdb618664ce29c7edd6b329218b0c8ff01c18ab446755b38ab363d05
Deborah,Alexander,84,04b0d2f1b563a455d55b2f2c24ef86564f1146630fc7d392e657ecf5f47303da
Tamara,Raymond,36,211005c29462004762fe6e69cc516cd75c13e98f93b07101d16b1ad6cd65d5db
Heather,Curtis,68,0bf340c716089d015fbbc05fdf0c907f56154b190b23da6f9706615ffabd6c20
John,Kelley,46,2c3efee8d4682cff4081bebf3aecc9504c6a209b1f5dd11198f0c8c05904a05c
Ashley,Dunlap,53,34f309ebafbd1c46b5c4832f63321a10330835a5ae323952419439b69633bb2c
Omar,Pennington,51,da70cbe08c47605cf8bbda6ab9900b98194970d1900c8411a34db87da36fb3e1
Benjamin,Anderson,19,5089b27d79376c8e223f1ab0e53832c8389359c010d47a0d418accf1d078dc90
Kristen,Wilson,79,cb58245b5903b1c02536c9f487c099015c1cc29405bce7107a6b99c1ccb81f0c
Troy,Burke,36,6ba2614f9ac57724d71386488b46a7abe6038afb28c9341f22a7ba718007a5fd
William,Nichols,43,e35c34d58fa35f2110b059882a34703d132552a4ad408eac3f82f15aeb165f0f
David,Clark,68,ab71bb05a5b0620dfec3779eead19d2c121cb73ee58e51cc7306d0dc5ff471c0
Connie,Gomez,75,2dec74f10fd12d8dcb28cb05ff058b4e4134ecb58d0e515c888f0611ca794339
Heather,Edwards,43,60d7444027a1c798fc55910e26c58d7ad905abfbc664c1a22f8d5ab3e4a514d1
Devon,Gray,41,3fb1d502ed1a7ed9443ebc9f1653af314e3236b895734c921cfa0a7f29ff7987
Paul,Huff,37,9579a14e6bc7513e8f1d136955d4632a47d8d4b71f9d6df47229f2dc87681acc
Patricia,Mckinney,46,293f05ee00257002e751596356366a729100d8c170a5cc5a4ce9021d3903f86d
Terri,Hughes,75,2d2c4f941b8db05f097e07a248114ab0d63eba8f0858525f755edf9b48359f61
Richard,Brooks,32,f2347ae91d4d8b7aaee066528005e823bad55bd702b10cbcbd8b49dc0d1e474b
Steven,Jackson,23,f390cda1487a0b9b3bdce0b0e696677ce08b16afd153be4f1f3f58cbf8a0dd9b
Jonathan,Whitaker,46,2fc53446393a92f7d64b3f97168aff903d9795498ac00f5b2d9ec5faef79bc20
Gregory,Mcmillan,31,b0c085513cbd5b4960e53adb2d3bbf7f3996fd6bef087e77b05c48e1796c7db6
Kathryn,Wilcox,79,9a399f6a1e22d370d1c55186c5542c85d6019379e68d1e5d30b72346a5541d76
Kayla,Carroll,84,159108ee6a3d671ada28d968f4b16b15f8d2811cbb8664b2ec04dc43b93076cd
Jill,Brown,82,34f16237cac32a82724094222dd3b92bfe9f415864638071e144154d078d0af8
Heather,Wilson,28,b61be51a27d699f46b6dc7c3ac594783101f5e728f9cf6df898e44fc48021942
Patricia,Pennington,84,3031668b59aedab1fd81af2306016fa09a7089c77cc76492749fbccc2acf40f4
Virginia,Carey,83,a0b233062429d92e0bd04c0ae2c3e990d2919ede768c7da50ea2b706f7734597
William,Hughes,62,9cdadc1c345c17336210079096c372a7faaae0268e4725edbb031e4a19a4bc45
Tyrone,Hopkins,76,576f4e50b1cbeb488c89bd28bd1697a1ad48fa0a5f4df857a844657e61f4487a
Jennifer,Leon,82,8dae6537bfb64a92cc91539ce9e76abf729f60592a9c503300905130afaacef4
Alexandra,Mendoza,54,10305fdb9613b698a9fe8a26468564ebe15ba01eb870994739180ffc51440c31
Greg,Williams,55,87b7f4fb4e9168b8c46dc5195ae75b68b2c2aeae6d7c36a6d2738280a2940f04
Connie,Shaw,67,1dd5410f5671c2bf94ded7b096b6f6373c9ba84efe6b9a127c0dbcb43f0e30e4
Keith,Parker,57,9bc0db533b9248a8b3a7ac151f273fe01f25ad72b394dd5cc6ef9bd6558eb707
Chase,Zhang,72,df4e954114d147be364d17d580cda1214ff694b614bdf76baa0a640d5bda74d3
Chad,Carpenter,35,604d9974b61ad764e7a7d81fd41af32d01237ec757322cf093e3915c7da4a722
