Kevin,King,34,1767,1dd5410f5671c2bf94ded7b096b6f6373c9ba84efe6b9a127c0dbcb43f0e30e4
Ralph,Goodman,31,1457,4e7117b3cd9e168a448a0c8c09624c073a560d027ee2e6b897dcad4ac644b172
James,Pitts,48,1224,c2fbe370c1fe8eb33205c398202ede4337ddaf8daea5d4fc2a0b3c0bc4977738
Tiffany,Melton,22,1538,cd04669bb258aeba241b51139abb68e5403c25563fa4e290a45ef4b8198cb6e2
Johnny,Lozano,56,962,2a1334b618f9cbc210d4c12b8904646a929af76e06dae4ce96fe1b93e8f020e6
Lindsay,Rhodes,77,1495,2f784a71ce82f95d309054e6f13010343820875dffc55326eda3a15e66fb62da
Steven,Rowe,40,635,df15eeb9ba290099391493857cf6b884993dde5d20280e260c610c6b2494f923
Charles,Lambert,51,1738,5799f89cb507ee665448f42a00963fb38242088a148e57f3f63995f7901999d8
Brooke,Bentley,65,377,ff8dc9692d50d118ad23b5c2d245a66bc6bd1b678fa1dd6ac80f5611cd0cf9f8
Austin,Gonzalez,77,1696,befbb479210d92579b5ea714486a6f302714ff0372b51c76ea338425867831ce
Megan,Smith,54,667,acff2ba139b34df77b47128dbb78c90863c683459226a958e0a9cdf130fae11d
Kathy,Brown,52,1591,4c532d2c6206fa4912a66525eb2d5456df02a1413967eb592cee931184ea4489
Rita,Davis,54,1012,fa80fcff5b6b74d617324e488ddc3e31476598aedc9b7410b608601bedb24001
Rachel,Pope,84,1884,b1574d84301230afdb7d141e9caf9335f218d92f2461fdc6e92bd54ec8038b86
Leah,Martin,19,1313,7e7d6973825b266bfe6fd3f23d6df85958cf16be8cf75ae7207b99184d28b76c
Nancy,Rodgers,66,1754,57fa8a9f7c33463f2344f0cf6d6916758f90c353a5305accf58e0c14dba04bcb
Debra,Reed,29,517,fa3d4bf59ff1537327cd6cb07ccdacdfef92c18c0f0fdb16048def6a7d18d827
Chris,Weber,43,1659,4af0219d51b43c044985ad3b1be41800a35efcaf5aef4de9fd814c458924b0f0
Mr.,Travis,21,1344,086c9ab62d9deadf52a2071371f5a0a794c4d6aa37fb39e30a6f5463fcaf7c48
Alexander,Miller,35,1616,434b5c43ef1f9b3e1422884a0929a97a79251ce5fc6ad69489b0b43f2ae9c1ee
Patrick,Wade,83,569,ba21a1298a6437ae3d8c0ee066a4ad4c0681a2237fd2a9f1fbd1143743062926
Lee,Malone,69,1569,d28b9217c8836eaf591898d637414bdf056cfb5bf303fba7b667d8964499e378
Dustin,Buchanan,72,1703,d7b675be05836488f29c70680286eff965016cb81742f5baaa70bc30bca23063
Dr.,Justin,28,1621,9d09edb26e2e64b6400f0c3dd767e6d7d6d7c11072aa0c6961b899396155f115
Megan,Moore,59,802,660618c34c43ab19c84570b44a8efc48075289f8299b19cc0fd3df6246d32401
David,Tapia,57,197,c756da6d82ca89a2529e29e8331f3f35e700649d565ae175a97c7b8e14f3ade8
Kristin,Chandler,80,1734,873beea7000c411f768b4bccbc7bfe6d5fc1828a4d0b6e8ede1d7bf91b0f7b57
Michael,Hogan,65,1422,231cfc2ca8e0577dd1fae87ebdb694d7836383b609fe95b35f2648bbebc1d49d
Jacqueline,Morales,22,865,744056bfa5f5ce1c4da8b10ac8d671fbfc9beedd18b1d3ef53512f36c89f3e60
Amanda,Duncan,72,1918,9430f62a6b4661d01c6f59a935b0c5b9820c3d97983dbacea02f5f728cde6062
Crystal,Ross,26,1732,678a46578d68ae49b509572717fa9c9714895d960a2d91d428731e22be0c3257
Bryce,Mosley,73,1419,7ae7e7ad3867cb57ff22071a331ba824183e1c48cfbc8afd14191fd468799f6f
Hannah,Chen,55,565,05070d6d4bacb3e9cbb594ecbfb490996ab3884bd8eadf98c22372b8c83dc89b
Elizabeth,Sawyer,40,103,b8287b0c4af380154d24287ef43707c7788e837426fb3443098acd7657579166
Ryan,Jones,84,422,c09db8f5efb6a7630122cf26ffa0d05f8877ba0236d8ab4612abcd8a4338a853
James,Rodriguez,79,823,b6b0ecbc770cde4f18f8ef26a68fd17adef4c6ba383330d1fb8c2809415dd0b5
David,Smith,29,1382,3c15bc7a99fae0c72ccfc36aafa133074cf99109861a77572beab9d3a122f000
Elizabeth,Swanson,38,1984,0ee7744d5930f9bbf13e397efaa2a1871b46fccdfe171611a7f140f6376ccb45
Chris,Gomez,85,865,55b879d06a3715bc03545c11c75d9f464a08115a972b4553a71de131cb2dec8d
Dr.,Tricia,80,1260,0ab7bd0e0dde443a8107e086f85826c633f87232a0279d0b443ea8182bd50428
Christopher,Downs,83,1263,7e8e3f5b78ea02626058c015f383344ebf7fbf2cca3f9ce0be799ee7bcbb73b0
Joshua,Chambers,58,1642,8d4715af20f984352da2cdc7092132edd39e1806a68b09c0164fd527536879c3
Ryan,Jordan,19,968,61890332157fdf3e20ff59e0cafa70ccbc3e17a0836a3d4717f2d994f025134c
Angelica,Bell,82,1193,4b7074ffd9d32c149065b7fc804db665c5d0c0b003a2d8cf308413599b7ec633
Christine,Bender,48,1018,bef7038f8dd4156951757f6ba776ac501d5fb76896bd93acf2a43baf169feb9b
Diana,Davis,76,380,fb43cd1b896f98d5e602b688e4c0458f15d1fe58432a3447fc10e8a4692d097c
Jordan,Grant,23,841,abb65356361e993fbb0be9b4b4207f61c622963e16158cbf4ad4ab226a762101
Dustin,Taylor,38,685,4ef0e5671165d4fff5e776a7029663d1a72ef923156111631075a6ad39914cbc
Virginia,Welch,26,607,a89f393beb021b2b53d8f97b1fe24b4434b0f56553a896c5472f9e593be8d777
Amber,Peterson,23,533,a2ccbcc5e8bdffa74b829972dd96c080b5bb50aef52613bcf3d69ea5b121a1d9
Bill,Fischer,49,1548,5b62dfe553a60d78c20ac1e98d9edf14029e0e900275cb1ef4a2633f7d88c4ef
Monique,Gray,30,127,12c0ed16874f0b479f954fe4612d81c1960e18aa349533140e4274d83f7e6f1a
Brett,Rodriguez,65,302,71520c679efc1484ad7c6e062f769475f4d583b93c508d8a2110ff9f67f232a1
Leslie,Johnson,67,1131,6c2814861254ad875f4daf2ceea706d47033492f81da3e4fdcdb429e12b05d4e
Andrea,Rodriguez,33,1763,b697819aa5a5ff8aae1c9ed641e121a282a9592f57978e53ebe148b4cbe22a3a
Bruce,Thomas,34,793,34e94d5db678baeeabfaae1b6b6e46a4e8502819374cba0b5663e2c886a7ac59
Patricia,Nicholson,39,1693,bff6e75f64d9887abc246ccfc17ad2c661fdf1d74a0c11d1300a8f8bc383f8dc
Autumn,Walker,74,271,472268ac9407715f9ec147ab61dfd50a0b221a0f8eeaebb394b43e9f0ca53eb6
Chad,Payne,40,283,fa47999e3417f3f3a18878f2f569187d9d0db305c8610e31be77415b696d4b0c
Ronald,Roberts,18,303,856ef61b920949fa3828ca5f0802fef1c3dbb7ead893b236b6e9c716b615f9c7
Michael,Flores,69,686,45fb630b7232f529946a17aaa0b3e3418acb9616a919673d93536a019e3a03b7
Michele,Smith,53,1056,8b3e9a7711294b87ae9242a6e570136d26f186c99e2280e0cb287620fe6fc351
Deborah,White,44,1183,d436e24571a03a8cf209485a45cdab611ee5a5985b533e53ac73184437c601a1
Jeffrey,Rodriguez,50,1000,1f40ecbfe914046bfb59642db8e6cad1a42f3dba0738767c68e4f9914f5ce0ee
Ethan,Faulkner,23,1049,5e8505752084b05356b41e2394bd174176b026feb4db070b8b70f906ab0d5e99
Brian,Davis,24,373,288e1edc5f9c8b224c37819db4d0f5e63e5b0af6d5b8c532768f4ae17c33d651
Robin,Garrison,18,217,ad4472e9b20387484a446e1661f3866be52279ed9a9159da27303730f19aa327
Krista,Sullivan,44,1448,674dc2292a5b98b279688815491ffb9201f8e383d7a3db35b294ad9e1d9a9fa1
William,Perez,21,454,8629ad5e12d7a9fb72f0cc9f57bb5669551c8ce79841f267bee3f56733c63d77
Paul,Hughes,44,386,5ea0d1c339552624f8cff02a9dc1ee029d3b5d19089588a9ed1a2f3fd83151f0
Terry,Miller,64,576,c0b1a19e99b9daa1baaedcff24d0f565027d5cb6534b3dbc0ab0e170a864af0a
Louis,Miller,34,848,0f5d5f4b4e796b8aa1981edac09cdd5cf4a2ca48a15262966253824f4a2009ae
Nicole,Smith,20,1775,cd1a2b1a73b05f6b31f52e7ee89c1399495915cfb9d94a3c0e80bfd69586cac4
Amanda,Tapia,23,152,739fa7b0822940e591e4680e88c717db15b48becbd614c3ebf4e6c2a83201819
Deborah,Garcia,51,1754,3fcd633ccfbe385000c3cc594e2ea86b2b941cd77ca85534cdc20e0aaf643fe8
Jeremiah,Walker,56,1265,65601213ac71dc2cab7d9820483d0ca3cdd83c458da8d4bbd8e7445ffac00cfe
Jennifer,Johnson,32,870,8b7a147cb7f7c7bf2c0e4136494ea2f6f9d81cfc06a4fed7d56176abd87765c6
Lisa,Jimenez,21,1391,b75e0c6e5e41908a8ccb76419dc1157d51f35c8088f5975974fbe4c75710b4e2
Samantha,Levine,75,982,854595ff259c9acf49292b72687bc5a8f7de862ee4ad9a18b6f8f9303683c518
Kelly,Harris,29,1042,21e12bb206eedcaad43b76c1ebb7c2b8cdee784e60a13b9cfd22124a576f6843
Tamara,Jackson,80,1505,81e80e26f632d98a3f32eb59e49786a4bf5fb35d9e7b063d0ebb865a535ae75c
Alicia,Terry,61,778,ba937aa92cd82de1b95971cfa3361ce09a79e841b1af35b45968c1b93b580b08
Daniel,Jones,72,1751,b70ff543352916f8938daa4ab64f86c486e7fedb84cfbbc674a98755e38e3eb4
Rachel,Hernandez,29,103,816a3ef2aca97f5281c9207eafa66cae7d1a99dc67a4897462a40260d923e6b3
Tracey,Rojas,59,1366,b24a0199fdd6d3ccbb81912b5c34c252f3e1eaecc42a4ad640eec13c4c5a2b38
Maurice,Anderson,65,472,cdd08d9f6a2c298924c7b1e0066c3fd27a071942b4aa339d23c7e952af4eae5e
Amanda,Stewart,52,986,dcb9c04e5a7ca8bc175c9ad7c7fe6d26dd886729e44e9763f8081d6cc36a850f
Amber,Curtis,32,358,ebd8ce4542a7d9e51455e7bd491b6099db33a352de518f0592615e248f79c412
Joseph,Martinez,54,1809,3f4cb661e01c4ab8fa07b6bf49de31920def23601deb54bd460f83e438a4cc3b
James,Harris,40,1615,3801401acd4216751387f1221a3b0e5f1ffffdf1a109468a46501f85821e1f9f
Megan,Schneider,70,1740,988f3c2da71e3a0804e0a0688aa803bc0fa3fcdb776d4f2deb1b5bcf78890fa3
Kathryn,White,60,741,6a9d799f417ab48a05e2a8b8ec65e9816c15c06181b4168fde023710c9680642
Brooke,Tate,37,1155,cd689b7348ea7180f91690bd5d7ce9ea8e76c5a2680737c4a8374ae7906907f1
Breanna,Rogers,51,1402,91458ad7ecf25072eb8d3754e1bf908d60a0d1c5cb1b48c30fb7e85b5cd89181
Angela,Graham,20,1141,2923a5f099adcc24ac29f1bf9e6b0ca838e1cfd88fbec8f66ceb69cc7e87385f
Anna,Frost,32,1418,9f2cb82acd0710f48c57f3a5fac48a1cf4cd81655be4b7b3c4d16291aae0729b
Timothy,Jones,45,1110,c30f61fdacf5d0ac9294cb33bd9c8499f2b1703cac681441ae69915ba64623d8
Denise,Escobar,41,546,022a786e10580b54850bbc8e3de4aa2fdfd3b92cbacd1a1518f110024af5af6f
Abigail,Sanchez,68,1875,a0b8df03ff7edbd0c8bf3c1663b4bac49a4f4d37f623a1560298820677416fd7
Dr.,Sandra,77,1834,20e1f8598210e76f34f4413019ee966187d602c64ef4a2a8714b3807d6eab507
Terry,Lara,19,268,5a01b7d6106edd02b6864a9b7a147bf50e9a309b45aaae4e4628b62a65798517
Cynthia,Frye,39,631,83a1651d8d1daa30abfb0c7c3830f2048259fffebbd864d84d2e67371c5cf504
Robert,Shaw,21,567,6659b0e8bcdcc2c4b004b112cf62ce4f783ea04b9b7a67dc6ac4981ad3bcde78
Dylan,Holland,80,1701,1360e92dcd80793859c95be913504003a3df18159bcf54d9f40b0b335b5d7052
David,Flores,19,1465,1d611167caa33bc2d5f836807ca48c92b548d5f238c44e7c502c8a4a0671cb6e
Nicole,Lee,65,388,89004522335bb53a095afd332f1f224ba6b031e4f11511c35cc8ba6729b2636f
Alexandria,Baker,27,389,4f61b45a14089b97c0a7790fb204024f62d490498b8e2fe0e40f14a9712dfc9a
Amber,Walker,23,1988,5aaf44ce71d41afc3e4026baf35204f7f6c1f16610aae283e92f6057232045fd
John,Smith,70,559,69b01fab265b0d319beaf42291c2b78c4f7d1cd62a88b7258a02ef3ac4bb7caf
Charles,Rollins,79,1807,8877318f5c17db465ed01b8d100118718a7e3ea804e929483500fec07184ebf1
Renee,Rogers,85,1240,14fa10f0248b0184873cc572e49453bf4ba5a68220434933c311e21175d6fca8
Sarah,Parker,61,441,6d6143266658e136001ffe2af7380e49cd11c06c48d33bd72a7fac9e79d24467
Edward,Baker,55,461,e162a1462d6cabbb3434a0be96ff1fc9a35ba0ec38a0e31563c0f5e448ffbfaa
Thomas,Sutton,63,1245,eb4ca94236c01ce4f89f73c036269485dba4c9107df37d8a848aa1d5d5e86592
John,Patrick,61,539,fafcfe2e0bfc9320a5797260f41f167d646be6dca5ea2989eec1189020342373
Adam,Davis,67,1063,4e00c4d2f8d8d9f963ac85e19561fa848ffe44a47fbef0081b09be1f03f575c7
Nicholas,Harrison,29,120,92d9358517943d3b6f9027982c3aa66b517252e9005ee6874f079771c98a5033
Tammy,Morales,63,1082,dd0c5f078845f75b846f23b1d506d2c133c09f91ef6e14d3ea8ee4d247a7e85c
Kimberly,Wright,34,1966,a09ad0f4f0f89bf579f3cf99e90fd84b3c8dde79b5ef81bfa51b7fead459c7e1
Samuel,Ross,54,1071,323b24f6e22e4772420f8ec7e85aeeebbdeb07bbe81461c027548e5ee15ed6fd
Sarah,Mathis,64,919,ea32d0543f05e00352c4d6f7837cb055189f9b86909437926685689675353e54
Ellen,Leblanc,78,1565,84f9c9af56e764efc8ae7f97a96ef91614ec6f0e238073d3d0cf00271dcc1a83
Jasmine,Hunt,22,1869,d7fb97ef58ccf78b986f2d9d291980185b87756ac06a71cf289538fdfd42ecb7
Tabitha,Bennett,37,1984,d991eab0834a9da030bc7bf1fdacc5b8f00022461ddff3c59e3fc36c7d76ae63
Kristine,Diaz,79,412,cec869071dc44b4e903298c0368c041b672c7b7bd950a0d70a603f37da2264b4
Natalie,Weber,80,1739,a228928a9f336c018cfe994ab7a25b38aa081159c84bc59fd18cee1b172ba6eb
Joshua,Reynolds,65,359,7115e1b73efc6f142ffe910c0a0e1b665f4b8889fd21a12df3e370d7ae4357a4
Andres,Hamilton,62,1314,708a0214cfdca4c7cdeea87bb26b0b037dfd939768485103d6417a6a7abf2833
Angela,Blanchard,73,442,05b80e5d96fede08ec267302fd509c9b0a286a4c48633fcb94793c3ea884e5ea
Gabriella,Nixon,67,141,9e08130a9cbdac370b6ecf622f147b47cba2ba1659d2fa21cf301f2d25d8dda7
Emily,Romero,42,735,e13fba9f2ecb2a7e73e0d69427d40e414e74fd4f9ca2d4bc6c44ab98bf7b31cc
Jason,Jimenez,49,839,d8086b31c2bfe1609e5b5c78722090d60a11c06e7d21a56884519d8c0b66db23
Christopher,Hughes,84,1650,03a15655abce5ec5865cf7ad4b46eaf84eb80451c950a67cfd1e92f6347dd20f
Cassandra,Diaz,19,280,7e22bd1cd614b69d8f439160c94284c8160d2c443b61d1812e4df12d36ae8b03
John,Potter,39,1116,4e28924d047a3d6c5da225e998e3457fd4f91e21dafe7dbba025599a2bf6c842
Alan,Logan,85,1240,8efaa08a71b62a28d27f123c6e3b6d9ff3c962ef3570a5aec1b87c1c317c3338
Daniel,Cooley,83,1746,51b528b5534f874a0e7477cb224b870dfef87c561c31ecfbc9d099e693a8ff3c
Jennifer,Williams,25,421,3f7bf9d7672376e08c970ce05ee26146c12284b900a9f44827a9fd6d87978f21
Kevin,Sutton,34,579,7f8ccd0c75502d807b170f61baa86ce41586b49b938f4a95a80534f5885eab82
Alexa,Lucas,26,598,1a0942908b7bb80369e92a22ea54a4d2927d608a8f06bdbec574c6fa0e404f35
Michele,Phelps,44,1610,b1680cb798a0ce4d55e3d93cbba74f473caa1b255c8f9ba076cbfeaec23ee8ec
Anita,Wagner,66,357,31d0e1be18644edcfdd6057ee45735fe15a66d3a79f615ecbf8431651894e88d
Antonio,Malone,44,665,735aabefd4edcdef362ddf5d79b2e372b570fdc675632e0ffd94f667a7fc11bc
Brandi,Graves,84,879,c6b092cdd4d13a8bab6633460c08b7c339a50e521171608c2fb11f21101fd7c1
Scott,Davis,41,1866,fb4347e5a44fd05107c212d7dd00fbdfa30b5288bb6abd9eec90374d5dfca896
Diane,Malone,44,735,a8242a76386b7b33d935a3eb6cbce1586ac873510619aa7c1db488b76584dfe1
Rodney,White,81,977,51d5ca8cf2c4e92cacc9997899a66935237a0fa26ced776e8a9b117cf27e304b
Tracy,Kelly,35,1787,a3dd12d543028a13cabacb3cc4593956cd2372f0b67d8318657c4369fd1dc037
Taylor,Mccormick,40,152,298c843bf17e1420f9729732a6b3374126c4fc05071171ccb19ba6d033bf50cc
Eric,Atkins,81,1813,95f65cc5e8f67cc7c0c6440ac8384c1ce7793f68e9a26fcb52a962b4ad024830
Sophia,Reed,43,1503,a3b710bd723601cc583db0fff5a3ec27d881c10a28867b94f89aa2a45ebccd79
Christopher,French,44,227,460a30360a82a791413df43e7926cf6a1b5b0d1c8af5a0679efe60d811849e8b
William,Castillo,20,1744,f5fc121580118cb1dbcadb0ba111b7e18eea81e3ee1accd221b159699d7a032f
Tony,Sanders,54,1554,314ad275a7461ab80047345e57606951c24df097d993dad0442a8b1b05ef0b10
Madeline,James,84,1786,266a8dcb6626ef4ba4a7e32e010016a12e72cb249de40d16b44ba0b7ff6ee2f5
Melody,Aguilar,54,1373,2f6bb0fce375f3bc8166f2fb60a8bb160d557c4cfe363ea1e2b3ead794895ee6
Martha,Knox,54,1291,0e03540e1220771b53e0b6494dab3bd664d286a774636ffbcbd7ec1069d3153b
Paul,Bell,47,1958,189354bd3aa9c4290ddb0045a8e913431cededa3cef41571d030c12c0b791e8e
Tammy,Webb,80,1048,b7a42900b3f849e396a053cbe3b29360233eb1021a63883c5b7bfd7720cfa352
Isabel,Simmons,19,780,0e31dcb5c7106adaf577a7b572412aa5e0fb3050f9531b20ffdf946b9cad713c
Paul,Archer,39,1294,6267d47c9694423a32ee8f3128bee3943302aa1be600fd1ce6860339fe13f0be
Jacqueline,Black,50,1815,cda319f80458b8a1af6e0de3a46c0d9bc15e13856bad25075ae396022f632cb2
Laura,Gonzales,50,160,47a275e99cfe0c90320fd3b65744a80bc3149f666f376cead0a4e0fd630e5d47
Eric,Pitts,43,235,a9e27f5d372e8e95583dc9d9c9eae9113e2e07dd2ab4ac6b433227caaee25e5a
Sharon,Hall,58,719,e7a64a1d58a41c10095435a981b9a56e6aa84ad4fe3ff4b6f13bdc485122cb2a
Suzanne,Huff,36,1360,63006fbd47076af21ea326c04841386a71f0617ba60645d0feeed68e2c1200af
Kimberly,Green,45,753,d533a31cd13f66b9ad5a255edfbd8b8f4a1f34c2e21cd250fd929b2513d2d5cc
Haley,Clark,61,596,8acbae16c1aa0e5fd2b5768e91d84a5bf3744b12f506438a20d7304f4ef8e30c
Wendy,Ochoa,84,1030,91298ab603a7fece9a2aee73300a9ee867a26e9b5120da0c83fa643dccd20a45
Shelly,Turner,56,1218,cd25188626dbc7ba3744d885a46e9b48570f8630e121a9bf76b7c859221858cd
Carla,Wallace,49,1700,a8a20e2d4c49c5281836d803751b349829c2be83b33497a3bc308972f09781c5
Jessica,Ward,29,862,e95ab0aba13e9d5bdc58dc020bbea62089a8c1ab6fb33ade2630d468dbb5cf2f
Cameron,Lam,69,159,be00142a9c61e29c76e3111d8f7e20d370b57eeb10feccde29525acbe06443d9
Patricia,Ross,83,389,d46bcbd475866d1b41e682f08ecad178d3c71ea8d4753d4d8520eea88f9d3a1b
Robert,Kaufman,50,127,e223baf714f91304dfe6700e14351b329791283524836ddf41fb8c65de5e0afb
Aaron,Collier,21,1226,56a1516cfea9f9bec327844918ef6bb1498007efe312cc0f23931bc0e7c6c7e7
David,Williams,29,652,742ab709bce870ff22cbfd09abca8b97586f09d27b5faac72a5d696c4fdba2a2
Ruben,Schmidt,73,1870,9e3d09356902378cb12a3fc5d33c32cf6b041d7402e62742238639928f0bfad9
Scott,Butler,85,1322,7242036c605e57050911a009ee3df406a2ae75fa5946c7421d3b5e62e0b6f678
Amanda,Bruce,31,1609,48dc7866e7eb348984cf6cf15436fcca3b2faf8dce181064a8fa734a129573e9
Debra,Erickson,29,1933,bdcbdc562039926923ac3996e018fcdb7747d04fde4a9d2be556664843ae50e5
Dale,Scott,56,824,b555311a0b2f6a97df2ab09fea3dc76f46f4e94684d6836086210fb79f936fcd
Sean,Ward,77,1710,82370ce921923482dd898d916453191b53ec15091576bf3d2d917d5c4c7450d0
Mario,Solis,18,411,bd18d45139c114a939f011c80d1fa7ac3e7bb2c27396a51f77b5086aed3f77b4
Raymond,Palmer,39,1968,f1016d1c94a4c604e98d5a6f98c90b6efc25a51de1c70452516c3683496e2255
Abigail,Carpenter,74,623,63997e057b5c72363b486c4370763f7f626f6df84af5cbf92632bcfe462889e5
Jessica,Ward,22,1867,0ae03d5bc0572363e32586dafc1d5ac06641f5a0a085569a376da1f351674485
Aimee,Briggs,64,297,9c853ed3e160ecdf8a7f6511f8af78ed1ca84a3a1828e91272c66ecc382ffe35
Alexandra,Gutierrez,40,1805,2d307ff7b0c014978c61beb4ed566f72fd432778e08b92b63acbe9fb6d69702e
Patrick,Williams,43,1158,6617c03fcdbfcb9a2f161cc3e1806438850c0ebf51d867af8fe8fd1092544772
Herbert,Mcpherson,53,1602,8185c8f49c08881c13f3dcd11da026b941bf1c5f97c06b0a95c9a824a9b4a3c9
Aaron,Sosa,32,657,3948dec5abf14a8be8b8f6211e28999c3908d568369646d88c4f60e2b770b31d
Nicholas,Deleon,30,1993,cc28c062ae1496969cea3c0deee1c0d5492ce93d7405324df4259f6935eaa53b
Luis,Campbell,31,219,c6c271e7d4c4a18e78c3fc7e2d6d967f68077f356b4589ca4c10444e25c74b9a
Heather,Johnson,56,1116,01a9d84ceede9ca69c2e426cb356324b852b7e7f1970cb84cf8b50e9a5994ec1
Dominique,Bryant,74,1623,35c95ae6226e972effb396b39f0ed50374112931b5f13c71f5b5eeface1f9c87
Joseph,Rhodes,55,664,fce09b2fad97535951b1f890606c0572a058e94d7524a978417579d13d36e27b
Jeffery,Conley,58,859,5111703ccf1faba99231489dcb546db03311549762e94928bd01db047726811b
Dana,Ramsey,71,368,9f227c2af502ac20f2b953d8c484e3e05ae2e53a901a78be4d77b7c14c9c4cee
Kimberly,Schneider,53,1098,09441350f38cb14f3ffd9f4e1f073a31d9f189c810ac371c46628fa7ad4a9f7c
Jessica,Allen,31,112,c5439f521dcea3d345d1e08e3c0f436f32552a89ca1ca8b2b30e79303748715d
Ryan,Baker,45,891,5a1aaa9355abe7ac8e48a650d5e9e7f5a6cff83dcf27e831c2e882907c6a9632
Amanda,Wallace,42,622,41c9f77c7aa0a8951d42ba8303addb5abd41069771db682aeb4f5b7efc23d53b
Nicole,Baker,26,336,fa9a6ec00208b797f6d1f28050886ab6aabc4f23031cd8ae631e839c5727f3e7
Shelby,Foster,41,613,d24a075b18b422bd5135dd269a02f835f16f2d1b23b9dc8cc3841622013e5a5e
Christopher,Brown,18,689,b981304bd5afbbae3113d646c2e487c4b81a0ad1059d9b20378eb6a5ea83df39
Michael,Sparks,82,172,e62949d9b677c543bb1723d676d8b51965fce58a710cc4ba1d89feb5f6a3854f
Shawn,Greer,65,819,32a76f6c58bf8e6b97cb1bb2f9135c144a89b3778bcd282b6bc0925d67cad164
Lisa,Medina,66,217,ce50fed53d17ea8a3cef83702e19f9e64fe908ae47274a26fe52e311bf331852
April,Fuller,20,717,572e0b18dae65a112be1fdf5e4ef105ac819c273767f137472ae9970baac6d54
Justin,Lopez,72,1181,d1887e16613597cc01e962ddb2de3b5cccb1bc08310600435f0bf279a1c799dc
Veronica,Lawrence,37,1093,fd2f605b59df67f016686870240f47f99aa50e40939dcba2db73e688e608698e
Kristen,Riley,84,1676,2a1e498d01a1e3be44f6061c790e3d945ad8ed8ddc43764be3ea0c8f03ea2417
George,Austin,18,250,905fe9f38473c853cf037ee89f8538d7676bbb11ca925887960e3ac2cae507c7
Dr.,Jennifer,65,1623,fd9f60f77e2d711520b26a9c9eeaa7f1949bdd67983a111f4c752964f553e76d
Michele,Carney,73,945,fe7878171cae56c43036e560587130969e6cf827571d0b789d7e33ca27998ff4
Nicole,Horn,46,557,4b4ad8068d72f60871e7ab23393fc42672d5579d089d7dca803ad0723d61ed84
Ross,Howard,18,763,1c1800bf7e497490f9a140ffd38a5c873a0b7038b7b8def2364db82654f7c2d0
Lori,Taylor,21,831,a05074fe8e7020df4a7ccee17b87a313b50be3e8f92e6bc8fc182dbaccdbeeeb
Joshua,Rodriguez,37,230,7622a8c4ea34fe897105e0c4b40fec45a15d9bc5e2efe0a0349fd795def7b3b0
Donald,Harris,23,679,16a9ebbbc6ce2be067cc569135716eb18cc357bb2f3224cf6f9b5196958341bb
Julie,Long,32,1916,83adeb8866b2a50f8fec5d4fdcd38c5b8aa310910c099fb5d02458cc6b67a1e2
Priscilla,Weaver,42,347,d693f0e45800420c2257c6bcd8af8e7e7827b20ee04e5b641020d41f0679201b
James,Williams,25,1241,ce3e57630c4102a2e5fadd31c9ab0e6cfbe02a8b2db17c7f49ea5cd1e79cb048
Ian,Bentley,46,1202,37ac25cedb084156a098871a9f50cea86f0c9d38544bf9e599ed382352cd0c42
Jason,Holland,42,667,813ca04fffa9f697a06bd3896a374955d02c3f07c5cff42af817514bb1774f67
Andrew,Smith,77,408,2c6ac095c4caf872ec11a9e7aac740f47a5a977b99fea2a1ec6d113e24fa5a58
Tiffany,Massey,30,1041,07eea05ee1ba418279379fba67faa56d17ffcb905df0793d165865ba415c7ef8
Paul,Thompson,24,1417,50ffa03193df1edd7e790eecbec56ba7e3050ac1ad8c58e9f80751ede2a3f5dd
Donna,Lopez,79,1887,8fcc0097917f3822ae945e687c64ef79b80f7bcf243d81c5b8a0ff6a6701d3f6
Lindsey,Huff,45,1728,e2a4bbf31862d51334065696e9070eabaf36c6c85740a80a61ee8ee8c8993bf3
Joseph,Forbes,81,1854,bca5b04222c0a110ecf0007830ec21a3559528aef5da85779cdd9e21a86080ed
Brandy,Turner,66,1566,ed0095164826672e1a6b2ff1b94107b2d607dfd173181308bd4501380d71fb33
Veronica,Downs,64,1900,349f5840f6528d77e435104e8ff6109b9aad2aa3134dc16d58e06b24ded966bc
Troy,Rodriguez,83,988,bed6b5ad17522ffc5c8e80d26ad469c4a1888c8b0da19a139e8a48afbe79a713
Lori,Morales,48,290,109ddebdff09f60c9a02a90119d71b546f43503f7fb21ab48db3beec68baa593
Christine,Collier,30,537,e2d6dec5c2a7ee8937c05a89d5b41e0cfc645574142b3a85e74873a305efe956
Elizabeth,Martinez,50,524,4d594cdcc43dd09e39a802f6b552f8c78bcb06d3a42ca85fa4e2dc1cc6be63b0
Brittany,Hernandez,37,1365,4c6ea4277f63284c805e7e4d21f8e3b897a563d58a79ad25780152ad40d54afe
Grace,Taylor,54,325,c0f3bf14b2cd510ebf41ecbbc9c6ba98bc7cc3fc75ddc61acef7ac7bd3fa60c1
Michael,Jefferson,61,1470,535c0472a83c9cc334bf15310791e68649bdc420a426d16d8434736564ef72dc
Michael,Brown,18,105,46d8785bdd7585dc6609898f7c06510ead89e1e303be9cbf4d59030cf9335876
Alexis,Lara,70,1060,1a9754d3bb049eed8eb2bee26eb4b3f85d6656778c126e02c033df6fbb43e309
Drew,Wolf,24,1525,988e36676834dcc4e39d9e5298be02367da4d8695b90c595658409269d6a134a
Danny,Bennett,82,108,8300fc6946861f155ea6a2d93b9a2c906155dae781c2a67ef6a4792363c4013d
Whitney,Thompson,34,1694,d02c26536c605cae191c46f320f863384c7b5a61c93153d257497e41d5b33336
Ashley,Klein,85,1857,1741c46e7f500e2281ea4152607f28c12664b698a32a189c7aee8e4417b6f5c4
Tiffany,Ellis,44,966,89338d151b35a98bbb567a3584603d899f26a1ac290c7d38413b0c5c7b1891d5
Brian,Vasquez,39,1918,26941f6126602ea9034bb06a5657796a03fa0edb44534ad86edff98cd222eac8
Mark,Tucker,82,458,3bbeb2219c3eebf73f13d998e9a613d22e47dac8ffa112bc296ab864d20db5d1
Melissa,Zimmerman,24,1117,62f2af61855d599cfad20678535dbd3ecaf5089be142a2d01f1635128ff73e47
Patrick,Martinez,60,1568,436804771aab117df061164712f1e95c78c77d3b19231866dd52dd2bd65a0423
Mark,Johnson,59,1987,9474edc92f4e007a3d9cd639f16ddc7b01790847e80cacb43c1a4de2c7f728de
Olivia,Whitney,41,181,929eef88ded336143917a9f8ecd4f74b618b30439854b05a362574c14339863b
Timothy,Burgess,41,1591,a79364b394aafcd29c9da407245c171627cc13c5dbf6de7682d93390e8600e38
Deborah,Ramos,55,1192,b31474d0d96c2028de0e372ca2b4b8d566344bcd672375052b2163216404a4c6
Glenn,Rodriguez,24,1601,e24eaff01b914318793d0f6015bcd1fac12cb776058a705d3eea12fc09cffab9
Ms.,Victoria,72,513,f33fd4eff322f69a3f11cfb07c3a1f76d1c8fd12c822806562f6c63f119b067b
Kristen,Rogers,74,730,bbbc550b0fcda60e86a337b70defcb7f537f6c23e4269ad238dc3b58af14944e
Joan,Jones,82,823,fed02e643114902becca9be0b62465b485b0b597c7ad0f06a4e76163aef21e8b
Katherine,Carter,60,477,1dc871e5431296b79872fd80dff00179bb89d6d1f5ec7c0b5267c4ebba38768f
Philip,Banks,30,606,9cb2be9895eae85d0834c4694636f88413e09e077fac92a536fb979be796dc28
Jodi,Torres,20,559,b169570043c2b40d4800b8cf4431a5372df64f3c142ddaab61aee8718514bc90
Laura,Rodriguez,25,1132,3d4704acd328e55e8bad194bb74d82f6a2bbea3d0e94fba94b97e238b4af3c45
Kristen,Velasquez,69,1793,23c8e86b3e082c90896d9477f4b0253d79af863be9523d4190801705d31a8ff6
Joshua,Wilson,23,1863,cda9a6a7a9c3cd10e56f71bbfdddfbcbdf0b8fd4f1500790e26ff5ce388f97db
Douglas,Lee,61,208,923206a81da1278f54c9e96a38a66b466148b4afbf60e8e504c48bd06017335a
Rebecca,Davis,64,1650,e2194389961f164b1fce6322d206462a68a277e2503cea98d15a55bcad995c33
Jennifer,Schultz,31,644,30bd42ed78a13aaedb4975a081652c28cd011971381c154428a316f912d20d4b
April,Bowen,30,1205,133750c7a870118acae43d0d5df9ae183020de9ef0f6a6f2d043891eb0481588
Laura,Freeman,64,1032,33b6e070407695b75be8e64befea3d41d738b18a50c37c9df44b11fc948d135b
Cory,Bautista,36,566,bc13a51a9225abfee03ea2e3c052d67c6f359ffca7375d6a0426c81fa79a0908
Jesus,Espinoza,35,1507,049267c651a3b057b7a0eebcef9c8a0137541ea214b20d4d6555a04a749c8817
Cynthia,Gonzalez,66,351,5032a262f29d6d6ed8300242b5fda0fe9daf8017ed0cbf4595937f33d087aca7
Laura,Tran,50,1134,df5dedc7b765191c4e62ee574a69bc61fd86c7a415cff84a2016eff7d7ebaa9b
Shane,Christensen,47,145,8a9bd66726fd426bd12f69f9a4751579a7a27da3afabf7a38737ad50e5b977d3
Cindy,Flowers,67,356,fdfca3b997b84ef2ea343baa9044827056faba6046d4226f3e863a2ed0ab3c0e
Gary,Young,33,632,7ba29deff44213f846a66cb9122b41c73125f0b7e17fd523306c3d9674016544
Julie,Dawson,63,745,666f8b1c72f9744aafeb9c52630ba5f43480557daa0200127f075a172790e030
Jennifer,Taylor,35,1127,4b996af00dd350328693e0a943147f5972a0501ffc356f17abab3536e3c4a4e5
Heather,Castaneda,84,1916,90d9fb38e16d711e0ed2011a6481de3d3744e6ac39a03e1fb5545f2daab3e113
Jasmine,Thompson,80,218,a5a8d5bfe4df573665c772918fbc6e1db66d7f8a80de8a468feddac2b4368ab9
Kimberly,Barrera,74,930,5336598e926b9fb52cc38e7ee25a4287561614dcf8408e950fec304da610275a
Daniel,Hoover,84,1272,6f61a70580f446e9c6299dcb453ae4f77699fc020fe86e72b12dfcbcc122d87e
Victoria,Taylor,75,557,e56ea00b7a00f71c13bccc4dc5bc6ba65d04ef294555b29713bc90ff4bce156b
Megan,Johnson,52,1376,236808c2b52b11ca2260a8b78508aa19a2e0444d6da801a2c52fc9b050c2c620
Robert,Mann,76,333,7de2d44f327c357ad4cd8d8c46b25ffb0bf9acf38c06b7c9f144f621dbf14b2f
Loretta,Thomas,30,543,5fe1fbfdd1b5f1547f3762d25f8578dcb2b8c3c453b6c988e6da824f2f6bc3e6
William,Garcia,40,1300,2c9e2ec14e6149dea0fc950a03ec4b1f8574b5d6b6f8885e51e5a1cdf5aff5a8
Brandon,Mendoza,65,1301,c41d7b134de032fa979aa449050710abcf93d8503dc969f59b4e61323668dc3d
Ashley,Moss,34,684,fa8d9871e9b26f9bb4ad62e0b11e4621100da5c4261a9c78d8ed34a1780f363a
Thomas,Ramos,31,1853,5127e0a2cd447d4aef8dd6b2712d0b31306d58a2cc333febfc6da00fae28de04
Katrina,Morris,64,1143,53e4f872e30fccf776a79001333f200afcec8eb77b7ef290c4693eb9ee35ca77
Adam,Alvarado,40,544,fd98eb8c7982140dcdc9ede44e241af247409c94eade2af0584ab9702a24d6bc
Dylan,Harris,44,114,c0ee5d24cb3c3eeefd113cab047c4759ded46850836ffcf19d47c2955dcb8fe9
Evan,Poole,52,548,96902774dd2a3f4893422bab93f01648815717c13d429c047732d9bb01ad7d58
Lisa,Griffin,26,272,367c72d6efaeee04c7881e61aa0926eb49b65be3bebd49ba9723abceef1b758a
Michael,Brown,28,346,3711ddf1505b1448d247c82ba8b3dfb9e0cc5131af693f42ccbd2e437aead728
Sarah,Ramos,18,1809,bd6c2016dc9d7132b440be81eea8d75b8ecc80f9dd545c51e174a17f242fe215
Stephen,Moss,74,1314,491c88e79e32fb434975ba3ebe7b5c02e065a805fb3c6e578b58eb7f975dec0f
Christian,Taylor,21,1783,38cfd93e3d2d1bd8b110970f3b3405873b2f273e95e2cc81a516e95d4a9f333e
Amber,Gutierrez,57,1016,cde89490cfec4065f255abc920a42e7d5126c432d6c9e02bad5915a82dddf64c
Kimberly,Taylor,68,763,a8d5dfdacfa736329d253882ecf29d7e8e51cc55763bb72c3203d2ed258fc38f
Robert,Cobb,57,1516,eeb23987248783176d65c944c4f5a7ec3bd72483876446cf54af236c278d89e5
David,Small,29,969,d1dbd5cc8f34e0b5cefe1469ec4bbf002bb916ac5e1946743433bc659d1ca8c3
Michael,Reynolds,28,1510,a3e31c46add95c773fb7454720acbde3a6307f5469867c124a6926c19cfa41f6
Katelyn,Smith,33,555,0fb7018db7a849200a2b31dc9b76a7c5cb60fd9b31e9a55d2a01476282fe6bbe
George,Johnston,22,776,5a3ddb352571e1873a960d9bc495ac39072059279786964b8f9784a95a7ec284
Jacob,Hunter,34,400,40de4d38687aca8fd68962a7fdadec5821cc7798fb826f7346cedd9c9959874f
Anna,Roberts,80,1718,bd30d1e68651fb3afcd7be4d85e8e14d25170bff6d17482faf63bfc9ca3f9740
Jennifer,Harris,39,167,e7df09b2ef22da91cad1cf17737070bde01364742e95300e7e90e3f9b0ba1b83
Hannah,Lopez,84,901,f1729a6906d3cd81ccca28e281a86abf7bb3ad48860db5dba81b937131cb9ffe
Diana,Johnson,80,1775,7d8acdf78c77be9d690d92a24c98e61ec8dcfa7563a546dec2cd6ad85024f1d0
Mr.,Gary,72,1233,bd16015d1d033e31a0836c2b1f36defbdfb508912659266ebb1b453b7644d897
John,Ford,78,1441,eeac81eeecaad2fe90d8dc352e6cbf82425d904ae5b427f56abb81edb486cb83
Timothy,Thompson,68,1292,ce9d3095666900dc6fa8c7f1456c5bfc5d630eb4a3b3e36578f75b6d304c7dd9
Sherri,Green,71,1589,4b697d15f767944c2d3931d1e4133c9cf735afcad4fa47f480ff5b854ea8334a
William,Bean,61,1489,21a98c071ecba70340f2f2dcef850519b1f3e10c98f3a46c912241aa2831e7bc
Jacqueline,Ayala,80,1971,17ec28ef173061b6a6c1969f3543beadffcc33a059fc29004e6741648eb46d14
Tara,Hill,23,706,302eddb8149caca53c472b4bad4e93818c001f7ac6141d6da18f7f5ddb755f1d
Timothy,Rice,18,868,bad0f10e721e8a6adbc9d0d80873e8923ca4f184a19d84afa42925be88cc3d59
Edward,Collins,50,344,6df2370cc50b8c833a66a5f4e7383bc363276db881feb328fe5df59fefcfa143
Denise,Martinez,18,1638,d5fcd597a935fe2b91457537e69117ea8aff3170272ed94ddaa9c9240a181164
Bianca,Morris,41,305,a879b438f29cc36991ca14eaa83b316a5cac931ae988f66543eb635d2f7203ef
Wanda,Bowen,29,1987,4d0e50c79176e6c73aadf72150c9386562f320e0a485e5c37a289eabef5b1cfb
Samuel,George,27,1297,cfba2e4cb5344299bec5c788282013d36e68eb7224296fb6ad1c813803752aa9
Jason,Ray,37,1359,f68a526a77e23268422ef877ccc148c6468c55ebeb98cf9f722fa370b1544e1b
Miss,Kendra,43,1777,c273afb3474d076b4140b856ce02958cf103cc109d255ac5d65a6eeba3bf1155
Victoria,Chavez,58,775,b08a39e99b3ae571211b30b9326801b9098c2653df92e72d6e5f67e15ccc9931
Mr.,Thomas,30,1679,48aefab23ccb9d25621de62e84f5d023c32a4f5af6923a03c680ad5d2d348bb7
David,Johnson,44,1859,002b7693417346e96b016a1160bf65ea0029f7dc03373a002136c9615294df14
Anthony,Dodson,36,1680,e17d77266c900b785b3a752f7b93796f3ab7971a299c04344da72d3a10fa99c3
Amanda,Christensen,39,148,b63676497032eacec438f70115cc2aacaed0688e3f6eea523d692c4512caba5e
Emily,Martinez,65,562,f8ea00f7cd1a717750ac84cb353c0a5b4fb6d13388acc69c6a3a439a640fd1eb
Kristina,Johnson,18,1072,053c6f2407849b2effcef0f91f25ea67378c0c7e1f1537ce631ae6bcc2605f6e
Donna,Hill,67,670,98686021129da5c2b1ceaebfa54f45b9de10cd6411d41c745ae3781fb7f7d3a4
Andrew,Fisher,58,113,7ec596eca413be1b178ea433965995f56ffd843a1db0a7647cb166dbb0401801
Mary,Pena,75,1743,99c93d6f16d900836eee5d42ab2e37989081b034857ce0faae7d309c1d08a0bc
Heather,Mayer,33,1451,d0c1bc76d9a1b1ee457be41f019e82cf5a0738e0a1fa90951d6eb258575aa04e
Susan,Avery,73,850,10e53866baff5ee3d0b1e5cce8ef5c45acced8572fa495a323ee325865bfb2ee
Luis,Thompson,31,296,a233b5eb8a2fbbe4f8ea5137e28df1835d7925d77038efc3cd2fb084a2c89ca6
Brandon,Roberts,66,1676,46c7e3d19a7b60a575714946cc8740a09402a7c9b531862d90764c54d026f9b1
Lisa,Jones,70,1761,2ec9ee5e9f4ee36e6564b3375264be8832726909522b2fa8f9a4c3f5d13515db
Karen,Lynch,54,434,e4484139cfb73110384e78ff788c5f97a3c4575de4f5beaf342b6d5bc879c052
Scott,Reed,28,1649,41415643699ceb3687b673d2c438de498c9f5efeb4494127838b6667ce4a5fca
Kevin,Hoover,61,1573,a5e1bcfe228ec10badfb8adb2f6368cd01782af91950839a64ecc311d9804d4d
Janet,Browning,41,1438,32a2038ce5083abbb592a791f1d470c67738fd43b75acc381bc7adf86b13e81d
Robert,Bartlett,62,255,dd8c6935e3c040f18b015a6d9e124e51eda4328bc42654d0eb2224f722cce2e9
Zachary,Smith,82,1199,bea270e158d7653f07db03fb174d5109a162a5608be1ba987b0b0d81f4c2629f
Brian,Johnson,81,1549,944d54b390ae0f2a9d7c4a945b83f59dd6b82744436e5a9586097b885de78a79
Alexandra,Willis,69,1018,10f2b929bba23a791115c44ac7c80225fa24d9315ea3f8d05c445efacdae09ea
Charles,Johnson,75,1474,3ee432b421e9baf4873f7726b4d2acab75bf7f79b0e215ff704ea757ab91c35b
Kelsey,Fitzgerald,22,1858,629d40a0d744f4b6331e7c03a9aacb70b9fc6f7dc8c5f48417a52e555048738d
Cheryl,Hughes,20,665,67f7a5d2fa36e07731e3aff0c6920c5a08c867fdc1457538178aa3202b39e361
Taylor,Young,29,200,506f367d244c77d6031268e7082558b1c0f1d34034135abf2aa08739ca791a36
Nathan,Williams,51,1027,3a8a40fc0b7b8b67b47befee05e9f48464a7f67c968639a9a8dd88d05d2519f1
Michelle,Lewis,22,666,f4216c8242ebc3fb4ed076d23fb28729b34258f2b30fb2a82fbc03cc77ad43a8
William,Dunn,28,799,2d501f30da4331e683012a5fe0d6856f17dce25a783eef85c9ca0dbefd47d9de
Michael,Clark,30,1052,5ff5b059b791f4d4ff6f65195dea9b5c44c8c3c6e97f69d5314a032304611fcf
Amanda,Hamilton,43,1814,df2d5d4b17b63811e37815340701047beb34ee7f71d101b34430cbce0e20c6cd
Julie,Sanchez,37,988,4a24418354ac405a52e53d08381c360a40edbd0ffe00949811332637920387e5
James,Porter,70,317,a50e40a8381e143bb634996d91bc04e702d86eae90c9def48bcbf48d45028163
Michael,Parks,73,1451,3fc0cf8c7099dbfbda898bf5543ef56d733e05f00a7ae9df72df3a888cada82f
Jeanette,Matthews,69,1692,575552826da63a762f57cf1a725f40bd1f11da9b9e365c48b4f6fae65cc5ad77
Jennifer,Walker,60,344,224ed9db8ed84f204ab7dfb82b15db2de17c6dabf1ae6173ce4af43113d76b30
Lynn,Willis,79,1226,317630b4247313380b84f9fbd27033c0120a80ef281f3c97252a9a5b247c4369
Barbara,Short,39,1507,a3b4757ea71a15332120f4de13e838d363a6839a1063082619eaf60b8604a54d
Joy,Cox,59,1132,cb2a6cccb9a765aad8dab1c4a0fc6894dbc34043ffb247400a2fe17ac08d96bd
Luis,Franco,28,1141,abaf640f6d83b64c7ec79e8e5deb19ad4eb3a68f882ea0a87ddf4fd624609748
Anita,White,41,1248,0936ff27821fd12c22f8368e9ddf1ca4b527fc12e846038eed116f4eb7b3971c
Benjamin,Anthony,29,485,bd354e776a3720b93dbe5bdfa592c6f5b7e73bf208b4bbade53f3baf3ba58b30
Traci,Riley,37,1587,8a530b46d23206020e4c8d622a115c5e533fd43c8f5ab3814b82dc6eab026eb6
Taylor,Bates,81,1329,8bb7315f192cec5bd98179ecd9ee5f366d6074aaca4e7dedb4e6cfeecf74b368
Roy,Jones,77,1432,09668502df5fbdc6313e98fc37bb7cadd32bf5e593e2fe1cd7f6049fc1880c33
Edward,Rasmussen,80,1269,ea0bc57615f336d0ce528c55ab01a40de65b25fd8757b4df7b2f31b43fa82061
Sarah,Miller,39,950,b05c5039a7fdf9e0ed7a9de8e124e1b542d3b2312aad260c39467560c657407d
Valerie,Case,69,1966,b590e9e8747cf87ae6783ca830a2ab79ce49a87c534aa0cae405d54dd9e5d443
Danielle,Jones,31,1314,a48df518a4b73a1d94a19f29692dc44e79ac09194bf266e74101698829eb3ce1
Nancy,Miller,25,618,ba8722ffd4e958c6876c02c4f70a42284c13e25174f22379f9bbbb04cbd3e1b9
Lucas,Murillo,83,393,daa1d65257e892f72a9a265cb82a8d3a6a172c625ecd884d81c4804d236ac19c
Cindy,Nguyen,50,374,5446ffaed8243878fd74ba2bbaf076a45089107efb960b51006a1aa843885583
Christina,Montgomery,79,776,4b16fee0586e61b6ec580e9c70bcb32feb256978778305586ca82e2f72bc7075
Robert,Miller,62,1733,d8749303b6b1c986ba70199044f1f6c8a6897f6da3c9fc5cfb2dd87523921b27
Kathleen,Barnett,53,484,3ec97f4e92ea354b383dc8b7211a57679fa78ff83dad373f48dcd60423697c8a
Patricia,Rice,53,1435,41fe628a39412022f674a6ca77973f44475392076f5232411668461aaf6dfa80
Hannah,Taylor,38,1322,02fec40a71ef0760b9d4478797220258ae4ae38b26620f1fef7564915d2125fd
Spencer,Bauer,60,354,64025b8039127bbefa9149cf1a2824663ff0dd97252ca3bc83a7989d79f5215f
Shelby,Gomez,75,823,7e4c5bf630ce375a16d08c2e557c96065ab1042f5f6f92da5dbfba16ca5ae5ca
Darrell,Scott,80,1467,6ebd058bb5c129053cee9974d3f0a1c6fe4339c9782b54a716342ce7e3b3051a
Nathan,Edwards,66,428,65029b338accd16a91922651ad2a73fbacdca78111f9c0748611f18041504c42
Raymond,Madden,81,1039,e4ac5c3edcaf2e53834228d13c16e0f59a883f5ddcb385817e8993f772f761da
Kim,Hernandez,21,805,2d90b6eb2f1e58a36b858e4e55c718000e9fc7c437c552888c72d3c7b6bddbbd
Tara,Richardson,71,155,9b2a7c9c1daa6480eb5cc955afbd6cb3edc18143138fd6f4cf2658fee569990e
Devin,Evans,19,1783,ef76e57e166253f61e23c078c8ad8749f2da414c5657a5859d8e6d00cc84eb31
Kenneth,Espinoza,79,1893,88c8e48206f8f3a1c02f5ca9181d1efbac71cf4d6d6bca7d194e3e4eafe49635
Paul,Alvarado,57,541,bef0172d7c8535335ffe3e343708187dd6df3c10bef0dd477c6d9f81307ac9a2
Tracey,Gonzalez,49,1643,b75afcc440d1fd506ccefa475ae5c7cb2be7d5dca2ae1c25dcb7c20fd5d5720d
Jeanette,Griffith,65,1359,8ca5c7398b6e2601934361963e971e9612428694076f5c8dd98876d5cc9b10c6
Kelsey,Porter,73,1011,cbd190c21081aa9434cd71e14c5e0d53d51e084d87f3792dee606e705c25f21c
Michelle,Owens,40,210,5852da4c3ab7a3bc6c3cf21e236949612096a3d56450e305d7b016da11d8fb50
Joseph,Thompson,21,510,a4a1ccd64d054c65c4c1450006ac13449dbae9ebd4faf120ed6f48c28816f4b4
Cody,Smith,30,1881,85d634425ae3a0b4bd22d9ab14a6416ac235d8cc5d0944bcbd7eeb54a1c7a4f8
Brian,Harper,66,123,916756a8a0488a4a72fbacef3e74b047ac1a06386e8fd0e4b164784addb97c7e
Jessica,Ochoa,66,1980,6002fdda15f6deef6970814af2c426ee995ac5b1bfed319529ec1229757872e0
Debbie,Strickland,21,1906,4ee08a590009e4b7f3d6237bb648ee5c60c4caf559d018dd7ac2a46d918cb33d
Randall,Harris,34,845,8286896753dc759522b948d7cda5ecd41c3c8cef75a51708887538fbfb67d623
Chelsea,Stewart,41,1744,a6e6a4140ac01b6258361cbf7a419849fefd9112402149e6cbd02b4b702b81e3
Heather,Knox,42,1283,0b511a8743bb71af03698b3f007bcd53a3340c9e6b12783bd017b87563d5b40f
Mary,Garcia,82,1898,ce6447e177f1a354c11fa7ede7e34d495674fe4e1b27dc523630aab0b783e994
Tony,Vargas,61,709,a0ff709959ddce0c30bfeef841c00f527d63848e3255bdd66ae451fac5fac156
Brian,Campos,69,296,dc7a3211f41f5c7be17acb850f14ef8098066e117fd3830144f648cb56b0c323
Brittany,Lawson,73,1297,6c1dfae42b24bdee60aa7575845c2163b69ca7f35a832de90af5a59264ed165f
James,Wallace,61,556,88b8f28619aade697de7321e3991de41ed64820a91ecd0ef092a82e523923ddf
Teresa,Thompson,44,1017,70f823fbe9927777d30a0734026a05a2ec6155c57214b91bf38e94a9926d371d
Randy,Brooks,33,1398,52f5f7b9894da19de7760ff129ccf127891657c253c7a3bddd39f5edeb34e30b
Phillip,Martin,78,755,000e7bb54f3dd2cca5a1961c27006a16313901f665fb8e87e880fc07305a2a28
Alexander,Cox,71,1596,0623781686f0b2d5d2bc071653e3e6caa19ff0ff63e9ad23c2c95c4eb27c3706
Patrick,Hines,73,469,605ac602965e55fcf83587c0d79e35f911e386b9712f2aaa7845c8252b9bbed2
Evan,Vance,59,1471,00385cccb5fa528570ef76df6d2ea13133ba29dde31de0b833eb78d628c6e41f
David,Harris,73,390,2685ffd244a8fe74a0869675a5fc11e3235c24018285d8dece8c861b58c0d9bd
Corey,Gutierrez,74,173,d9d517df3ab8123cd3752f6a889cfeee48a6388ab5c84de91fcbf9edafc62c14
Brian,Ward,50,636,4cbb0c64d2bc5a46ca5ae17bbba9d69cfcfe4a5db8d7b53ffbaaa89ea43a85ce
Timothy,Bradshaw,65,763,d2a494401b7789404f56dccf74cb6b68cf399c91cdbd962c133a814fd2924ae4
